As of Date in Form YYYY-MM-DD,Noncommercial Positions-Long (All),Noncommercial Positions-Short (All),Change in Noncommercial-Long (All),Change in Noncommercial-Short (All),Open Interest (All),Net Positions,Interpretation
1999-01-05,1338,0,1338.0,0.0,2299,1338,No signal
1999-01-12,1804,0,466.0,0.0,2559,1804,Bullish
1999-01-19,1167,0,-637.0,0.0,2327,1167,Bearish Reversal
1999-01-26,1165,0,-2.0,0.0,2324,1165,Bearish Reversal
1999-02-02,1164,0,-1.0,0.0,2365,1164,Bearish
1999-02-09,1164,0,0.0,0.0,2607,1164,No signal
1999-02-16,709,0,-455.0,0.0,2404,709,Bearish Reversal
1999-02-23,709,0,0.0,0.0,2190,709,No signal
1999-03-09,0,0,0.0,0.0,2459,0,Bearish
1999-04-20,243,0,0.0,0.0,1731,243,Bullish
1999-04-27,243,0,0.0,0.0,1548,243,No signal
1999-05-04,375,0,132.0,0.0,1669,375,Bullish
1999-05-11,2470,0,2095.0,0.0,3850,2470,Bullish
1999-05-18,5426,500,2956.0,500.0,6989,4926,Bullish
1999-05-25,2605,0,-2821.0,-500.0,5763,2605,Bearish Reversal
1999-06-01,0,0,-2605.0,0.0,4858,0,Bearish Reversal
1999-06-08,0,0,0.0,0.0,5341,0,No signal
1999-06-15,0,0,0.0,0.0,3419,0,No signal
1999-06-22,0,0,0.0,0.0,3511,0,No signal
1999-06-29,0,0,0.0,0.0,3530,0,No signal
1999-07-06,0,0,0.0,0.0,3525,0,No signal
1999-07-13,0,0,0.0,0.0,3640,0,No signal
1999-07-20,0,353,0.0,353.0,3744,-353,Bearish
1999-07-27,0,353,0.0,0.0,3761,-353,No signal
1999-08-03,0,0,0.0,-353.0,3626,0,Bullish Reversal
1999-08-10,200,0,200.0,0.0,3626,200,No signal
1999-08-17,200,0,0.0,0.0,3627,200,No signal
1999-08-24,200,0,0.0,0.0,3723,200,No signal
1999-08-31,0,268,-200.0,268.0,3989,-268,Bearish
1999-09-07,0,0,0.0,-268.0,4083,0,Bullish
1999-10-19,0,0,0.0,0.0,1337,0,No signal
1999-10-26,0,297,0.0,297.0,1463,-297,Bearish
1999-11-02,0,497,0.0,200.0,1452,-497,Bearish Reversal
1999-11-09,200,0,200.0,-497.0,1647,200,Bullish
1999-11-16,200,0,0.0,0.0,1876,200,No signal
1999-11-23,200,0,0.0,0.0,1605,200,No signal
1999-11-30,0,0,-200.0,0.0,1423,0,Bearish Reversal
1999-12-07,0,0,0.0,0.0,1598,0,No signal
1999-12-14,0,520,0.0,520.0,1356,-520,Bearish Reversal
1999-12-21,0,247,0.0,-273.0,1248,-247,Bullish Reversal
1999-12-28,0,0,0.0,-247.0,1247,0,Bullish Reversal
2000-01-04,0,0,0.0,0.0,1398,0,No signal
2000-01-11,0,0,0.0,0.0,1313,0,No signal
2000-01-18,0,0,0.0,0.0,1255,0,No signal
2000-01-25,0,0,0.0,0.0,1384,0,No signal
2000-02-01,445,1822,445.0,1822.0,3835,-1377,Bearish
2000-02-08,445,814,0.0,-1008.0,2985,-369,Bullish Reversal
2000-02-15,445,814,0.0,0.0,3096,-369,No signal
2000-02-22,445,814,0.0,0.0,2963,-369,No signal
2000-02-29,0,812,-445.0,-2.0,3050,-812,Bearish
2000-03-07,0,824,0.0,12.0,3924,-824,Bearish
2000-04-04,0,597,0.0,597.0,1989,-597,Bullish
2003-11-11,3346,1529,,,6305,1817,No signal
2003-11-18,4332,1293,986.0,-236.0,7223,3039,Bullish
2003-11-25,4893,1200,561.0,-93.0,7996,3693,Bullish
2004-08-17,3624,734,,,9291,2890,No signal
2004-10-19,5649,0,,,15619,5649,No signal
2004-10-26,7652,134,2003.0,134.0,17661,7518,Bullish
2004-11-02,7752,774,100.0,640.0,17610,6978,Bearish Reversal
2004-11-09,7684,657,-68.0,-117.0,17189,7027,Bullish Reversal
2004-11-16,8322,537,638.0,-120.0,17558,7785,Bullish
2004-11-23,8275,499,-47.0,-38.0,17173,7776,Bearish Reversal
2004-11-30,8206,1008,-69.0,509.0,17378,7198,Bearish
2004-12-07,4191,1010,-4015.0,2.0,15589,3181,Bearish Reversal
2005-03-08,5933,0,,,11871,5933,No signal
2005-03-29,6097,705,,,10026,5392,No signal
2005-04-05,6057,705,-40.0,0.0,9820,5352,Bearish Reversal
2005-08-16,4581,0,,,9004,4581,No signal
2005-08-30,4877,0,296.0,0.0,9410,4877,Bullish
2005-09-06,5251,0,374.0,0.0,9596,5251,Bullish
2005-09-13,5465,0,214.0,0.0,11677,5465,Bullish
2005-10-11,5592,508,,,9438,5084,No signal
2005-10-18,6208,508,616.0,0.0,10099,5700,Bullish
2005-12-06,7606,895,,,12187,6711,No signal
2005-12-13,6980,973,-626.0,78.0,13233,6007,Bearish
2005-12-27,6328,1887,-652.0,914.0,10731,4441,Bearish Reversal
2006-01-03,8158,3321,1830.0,1434.0,12189,4837,Bullish
2006-01-10,8659,4915,501.0,1594.0,13013,3744,Bearish
2006-01-17,10337,5510,1678.0,595.0,15026,4827,Bullish
2006-01-24,9589,5740,-748.0,230.0,15046,3849,Bearish
2006-01-31,9361,5587,-228.0,-153.0,15684,3774,Bearish
2006-02-07,9120,5019,-241.0,-568.0,15200,4101,Bullish Reversal
2006-02-14,4622,611,-4498.0,-4408.0,11225,4011,Bearish Reversal
2006-02-21,5109,1486,487.0,875.0,14603,3623,Bearish
2006-02-28,4273,1373,-836.0,-113.0,14476,2900,Bearish Reversal
2006-03-07,4364,1518,91.0,145.0,17982,2846,Bearish
2006-03-14,4349,1746,-15.0,228.0,10702,2603,Bearish Reversal
2006-03-21,3661,1924,-688.0,178.0,11380,1737,Bearish
2006-03-28,3229,2330,-432.0,406.0,12247,899,Bearish
2006-04-04,3002,2614,-227.0,284.0,12473,388,Bearish
2006-04-11,3587,1251,585.0,-1363.0,12412,2336,Bullish Reversal
2006-04-18,5272,800,1685.0,-451.0,13154,4472,Bullish
2006-04-25,5718,910,446.0,110.0,12171,4808,Bullish Reversal
2006-05-02,6517,314,799.0,-596.0,12204,6203,Bullish
2006-05-09,7284,398,767.0,84.0,13736,6886,Bullish
2006-05-16,7867,501,583.0,103.0,14193,7366,Bullish
2006-05-23,7483,216,-384.0,-285.0,14325,7267,Bearish
2006-05-30,7614,4786,131.0,4570.0,13244,2828,Bearish Reversal
2006-06-06,6910,4752,-704.0,-34.0,13175,2158,Bearish Reversal
2006-06-13,7030,4717,120.0,-35.0,22546,2313,Bullish
2006-07-11,4329,5272,,,14081,-943,No signal
2006-07-18,7204,3636,2875.0,-1636.0,14948,3568,Bullish
2006-07-25,9103,3658,1899.0,22.0,16341,5445,Bullish
2006-08-01,10955,2752,1852.0,-906.0,18160,8203,Bullish
2006-08-08,9468,2523,-1487.0,-229.0,17327,6945,Bearish Reversal
2006-08-15,13438,176,3970.0,-2347.0,19536,13262,Bullish
2006-08-22,11787,296,-1651.0,120.0,19886,11491,Bearish
2006-08-29,10687,171,-1100.0,-125.0,18099,10516,Bearish Reversal
2006-09-05,11218,175,531.0,4.0,18852,11043,Bullish
2006-09-12,9750,239,-1468.0,64.0,19320,9511,Bearish
2006-09-19,13350,468,3600.0,229.0,17608,12882,Bullish Reversal
2006-09-26,13141,468,-209.0,0.0,17727,12673,Bearish
2006-10-03,8391,616,-4750.0,148.0,13426,7775,Bearish Reversal
2006-10-10,11656,1547,3265.0,931.0,15750,10109,Bullish
2006-10-17,15075,1273,3419.0,-274.0,19759,13802,Bullish
2006-10-24,16443,1208,1368.0,-65.0,21403,15235,Bullish
2006-10-31,13531,1274,-2912.0,66.0,18440,12257,Bearish Reversal
2006-11-07,14371,452,840.0,-822.0,18916,13919,Bullish
2006-11-14,10747,452,-3624.0,0.0,15514,10295,Bearish Reversal
2006-11-21,13298,452,2551.0,0.0,17654,12846,Bullish
2006-11-28,13682,759,384.0,307.0,18078,12923,Bullish
2006-12-05,15427,957,1745.0,198.0,19768,14470,Bullish
2006-12-12,17432,865,2005.0,-92.0,22265,16567,Bullish
2006-12-19,19129,1240,1697.0,375.0,22440,17889,Bullish
2006-12-26,18350,761,-779.0,-479.0,21961,17589,Bearish Reversal
2007-01-03,19054,702,704.0,-59.0,22855,18352,Bullish
2007-01-09,15283,665,-3771.0,-37.0,20440,14618,Bearish Reversal
2007-01-16,14032,631,-1251.0,-34.0,19988,13401,Bearish Reversal
2007-01-23,11450,1255,-2582.0,624.0,18687,10195,Bearish Reversal
2007-01-30,8758,637,-2692.0,-618.0,18000,8121,Bearish Reversal
2007-02-06,10592,471,1834.0,-166.0,18326,10121,Bullish
2007-02-13,12894,421,2302.0,-50.0,19219,12473,Bullish
2007-02-20,16240,372,3346.0,-49.0,21969,15868,Bullish
2007-02-27,16798,292,558.0,-80.0,22779,16506,Bullish
2007-03-06,14404,115,-2394.0,-177.0,21159,14289,Bearish Reversal
2007-03-13,15091,329,687.0,214.0,23442,14762,Bullish
2007-03-20,19735,879,4644.0,550.0,23099,18856,Bullish Reversal
2007-03-27,23824,1036,4089.0,157.0,27611,22788,Bullish
2007-04-03,23361,836,-463.0,-200.0,27025,22525,Bearish Reversal
2007-04-10,21068,1001,-2293.0,165.0,25383,20067,Bearish Reversal
2007-04-17,24198,1101,3130.0,100.0,28672,23097,Bullish
2007-04-24,22801,1698,-1397.0,597.0,28091,21103,Bearish Reversal
2007-05-01,18777,1254,-4024.0,-444.0,25253,17523,Bearish Reversal
2007-05-08,16416,1161,-2361.0,-93.0,23617,15255,Bearish Reversal
2007-05-15,20095,856,3679.0,-305.0,26331,19239,Bullish
2007-05-22,16607,800,-3488.0,-56.0,24381,15807,Bearish Reversal
2007-05-29,15707,796,-900.0,-4.0,23796,14911,Bearish Reversal
2007-06-05,21210,1292,5503.0,496.0,27528,19918,Bullish
2007-06-12,27973,1577,6763.0,285.0,55629,26396,Bullish
2007-06-19,26386,2070,-1587.0,493.0,41113,24316,Bearish Reversal
2007-06-26,26627,2753,241.0,683.0,41393,23874,Bearish
2007-07-03,25511,2617,-1116.0,-136.0,41316,22894,Bearish Reversal
2007-07-10,25480,2230,-31.0,-387.0,41167,23250,Bullish Reversal
2007-07-17,26292,1906,812.0,-324.0,43212,24386,Bullish
2007-07-24,30047,2203,3755.0,297.0,46589,27844,Bullish
2007-07-31,15457,1193,-14590.0,-1010.0,32233,14264,Bearish Reversal
2007-08-07,17778,1118,2321.0,-75.0,32616,16660,Bullish
2007-08-14,16345,2308,-1433.0,1190.0,31708,14037,Bearish Reversal
2007-08-21,11912,3027,-4433.0,719.0,29542,8885,Bearish Reversal
2007-08-28,8429,4604,-3483.0,1577.0,29236,3825,Bearish Reversal
2007-09-04,10850,4507,2421.0,-97.0,29416,6343,Bullish
2007-09-11,14013,4339,3163.0,-168.0,33398,9674,Bullish
2007-09-18,14444,3272,431.0,-1067.0,19015,11172,Bullish Reversal
2007-09-25,15904,3182,1460.0,-90.0,21124,12722,Bullish
2007-10-02,20974,2480,5070.0,-702.0,25717,18494,Bullish
2007-10-09,24238,3153,3264.0,673.0,29258,21085,Bullish
2007-10-16,25591,3206,1353.0,53.0,30684,22385,Bullish
2007-10-23,23802,4351,-1789.0,1145.0,30493,19451,Bearish Reversal
2007-10-30,19101,4433,-4701.0,82.0,26253,14668,Bearish Reversal
2007-11-06,17935,4554,-1166.0,121.0,25305,13381,Bearish Reversal
2007-11-13,15369,4946,-2566.0,392.0,24117,10423,Bearish Reversal
2007-11-20,12132,5078,-3237.0,132.0,23219,7054,Bearish Reversal
2007-11-27,11672,4813,-460.0,-265.0,22618,6859,Bearish Reversal
2007-12-04,14124,3125,2452.0,-1688.0,22019,10999,Bullish Reversal
2007-12-11,14047,2706,-77.0,-419.0,27458,11341,Bullish
2007-12-18,12556,2930,-1491.0,224.0,19080,9626,Bearish Reversal
2007-12-24,14098,1851,1542.0,-1079.0,20826,12247,Bullish
2007-12-31,16237,2272,2139.0,421.0,21344,13965,Bullish
2008-01-08,14848,1345,-1389.0,-927.0,21286,13503,Bearish Reversal
2008-01-15,16969,1220,2121.0,-125.0,22467,15749,Bullish
2008-01-22,14406,2951,-2563.0,1731.0,21818,11455,Bearish Reversal
2008-01-29,13429,2707,-977.0,-244.0,20854,10722,Bearish Reversal
2008-02-05,16150,1361,2721.0,-1346.0,23061,14789,Bullish
2008-02-12,17294,1315,1144.0,-46.0,24074,15979,Bullish
2008-02-19,16735,1608,-559.0,293.0,24663,15127,Bearish
2008-02-26,16954,1421,219.0,-187.0,25565,15533,Bullish
2008-03-04,14988,1357,-1966.0,-64.0,24541,13631,Bearish Reversal
2008-03-11,13379,983,-1609.0,-374.0,25732,12396,Bearish
2008-03-18,12921,2543,-458.0,1560.0,17754,10378,Bearish Reversal
2008-03-25,12476,3025,-445.0,482.0,18330,9451,Bearish
2008-04-01,11600,4146,-876.0,1121.0,19790,7454,Bearish
2008-04-08,12412,4040,812.0,-106.0,20951,8372,Bullish
2008-04-15,12015,5421,-397.0,1381.0,22254,6594,Bearish
2008-04-22,12726,4832,711.0,-589.0,23365,7894,Bullish
2008-04-29,10798,5309,-1928.0,477.0,23624,5489,Bearish
2008-05-06,11449,5112,651.0,-197.0,23946,6337,Bullish
2008-05-13,11193,7749,-256.0,2637.0,30377,3444,Bearish
2008-05-20,12274,7733,1081.0,-16.0,30921,4541,Bullish
2008-05-27,12903,7939,629.0,206.0,32124,4964,Bullish
2008-06-03,13965,7637,1062.0,-302.0,32954,6328,Bullish
2008-06-10,11677,8477,-2288.0,840.0,36876,3200,Bearish
2008-06-17,10806,9240,-871.0,763.0,25095,1566,Bearish Reversal
2008-06-24,11543,8893,737.0,-347.0,25319,2650,Bullish
2008-07-01,11988,8822,445.0,-71.0,26855,3166,Bullish
2008-07-08,12212,10071,224.0,1249.0,30523,2141,Bearish
2008-07-15,13581,8254,1369.0,-1817.0,29068,5327,Bullish Reversal
2008-07-22,13384,8400,-197.0,146.0,27932,4984,Bearish Reversal
2008-07-29,11649,10065,-1735.0,1665.0,28995,1584,Bearish
2008-08-05,11583,12964,-66.0,2899.0,32162,-1381,Bearish
2008-08-12,10639,12090,-944.0,-874.0,31708,-1451,Bearish Reversal
2008-08-19,10267,10864,-372.0,-1226.0,28137,-597,Bullish Reversal
2008-08-26,9849,10312,-418.0,-552.0,26713,-463,Bullish Reversal
2008-09-02,9365,11179,-484.0,867.0,26943,-1814,Bearish
2008-09-09,8773,11723,-592.0,544.0,28411,-2950,Bearish
2008-09-16,7744,11644,-1029.0,-79.0,19338,-3900,Bearish Reversal
2008-09-23,4418,9004,-3326.0,-2640.0,22337,-4586,Bearish
2008-09-30,4552,9333,134.0,329.0,18911,-4781,Bearish Reversal
2008-10-07,4533,9011,-19.0,-322.0,19057,-4478,Bullish
2008-10-14,2366,6926,-2167.0,-2085.0,18508,-4560,Bearish Reversal
2008-10-21,2317,6488,-49.0,-438.0,18222,-4171,Bullish Reversal
2008-10-28,2897,5344,580.0,-1144.0,18412,-2447,Bullish
2008-11-04,2907,3839,10.0,-1505.0,18501,-932,Bullish
2008-11-11,2878,4244,-29.0,405.0,19041,-1366,Bearish
2008-11-18,2607,4248,-271.0,4.0,18864,-1641,Bearish Reversal
2008-11-25,2432,4810,-175.0,562.0,19099,-2378,Bearish
2008-12-02,2266,4828,-166.0,18.0,19050,-2562,Bearish Reversal
2008-12-09,2231,4524,-35.0,-304.0,19891,-2293,Bullish
2008-12-16,2060,3595,-171.0,-929.0,9130,-1535,Bullish Reversal
2008-12-22,2063,3263,3.0,-332.0,8905,-1200,Bullish Reversal
2008-12-30,2360,3369,297.0,106.0,9033,-1009,Bullish
2009-01-06,3286,3038,926.0,-331.0,9970,248,Bullish
2009-01-13,3416,3609,130.0,571.0,9998,-193,Bearish
2009-01-20,2059,3996,-1357.0,387.0,9714,-1937,Bearish Reversal
2009-01-27,1802,6099,-257.0,2103.0,10782,-4297,Bearish
2009-02-03,1638,7616,-164.0,1517.0,12945,-5978,Bearish
2009-02-10,2184,6523,546.0,-1093.0,12701,-4339,Bullish Reversal
2009-02-17,2286,6868,102.0,345.0,12828,-4582,Bearish
2009-02-24,2161,8091,-125.0,1223.0,13690,-5930,Bearish
2009-03-03,2139,8907,-22.0,816.0,15870,-6768,Bearish
2009-03-10,2116,10095,-23.0,1188.0,17991,-7979,Bearish
2009-03-17,2872,8952,756.0,-1143.0,15548,-6080,Bullish Reversal
2009-03-24,3383,6268,511.0,-2684.0,15198,-2885,Bullish Reversal
2009-03-31,3583,4522,200.0,-1746.0,14124,-939,Bullish Reversal
2009-04-07,4359,1391,776.0,-3131.0,13704,2968,Bullish Reversal
2009-04-14,5362,1002,1003.0,-389.0,15202,4360,Bullish
2009-04-21,4538,1033,-824.0,31.0,13843,3505,Bearish Reversal
2009-04-28,4855,1207,317.0,174.0,14095,3648,Bullish
2009-05-05,4658,849,-197.0,-358.0,13993,3809,Bullish Reversal
2009-05-12,7031,773,2373.0,-76.0,16914,6258,Bullish
2009-05-19,7841,1022,810.0,249.0,19239,6819,Bullish
2009-05-26,13351,819,5510.0,-203.0,24755,12532,Bullish
2009-06-02,15297,1165,1946.0,346.0,27273,14132,Bullish
2009-06-09,15712,939,415.0,-226.0,34760,14773,Bullish
2009-06-16,16325,865,613.0,-74.0,20666,15460,Bullish Reversal
2009-06-23,17977,1021,1652.0,156.0,22606,16956,Bullish
2009-06-30,18679,996,702.0,-25.0,23742,17683,Bullish
2009-07-07,16391,1034,-2288.0,38.0,21694,15357,Bearish Reversal
2009-07-14,15990,1021,-401.0,-13.0,22089,14969,Bearish
2009-07-21,16959,776,969.0,-245.0,21987,16183,Bullish Reversal
2009-07-28,17990,423,1031.0,-353.0,22692,17567,Bullish
2009-08-04,18975,775,985.0,352.0,23883,18200,Bullish
2009-08-11,19896,1085,921.0,310.0,25034,18811,Bullish
2009-08-18,18515,1079,-1381.0,-6.0,24783,17436,Bearish Reversal
2009-08-25,19835,1186,1320.0,107.0,25735,18649,Bullish
2009-09-01,18602,938,-1233.0,-248.0,26059,17664,Bearish
2009-09-08,18988,865,386.0,-73.0,29859,18123,Bullish
2009-09-15,20206,1211,1218.0,346.0,23371,18995,Bullish Reversal
2009-09-22,19874,1229,-332.0,18.0,23603,18645,Bearish
2009-09-29,19045,1542,-829.0,313.0,23776,17503,Bearish
2009-10-06,19606,1513,561.0,-29.0,24851,18093,Bullish
2009-10-13,19432,1802,-174.0,289.0,24376,17630,Bearish Reversal
2009-10-20,19531,2373,99.0,571.0,24862,17158,Bearish
2009-10-27,17613,2585,-1918.0,212.0,24230,15028,Bearish Reversal
2009-11-03,15802,2486,-1811.0,-99.0,21898,13316,Bearish Reversal
2009-11-09,14709,3454,-1093.0,968.0,21106,11255,Bearish Reversal
2009-11-17,15676,3002,967.0,-452.0,21639,12674,Bullish
2009-11-24,15130,3546,-546.0,544.0,21639,11584,No signal
2009-12-01,13729,5626,-1401.0,2080.0,22778,8103,Bearish
2009-12-08,12583,4788,-1146.0,-838.0,23110,7795,Bearish
2009-12-15,14235,4783,1652.0,-5.0,18647,9452,Bullish Reversal
2009-12-22,15164,5418,929.0,635.0,19372,9746,Bullish
2009-12-29,13872,5067,-1292.0,-351.0,18893,8805,Bearish Reversal
2010-01-05,18106,5133,4234.0,66.0,23053,12973,Bullish
2010-01-12,21417,5734,3311.0,601.0,25732,15683,Bullish
2010-01-19,22397,6041,980.0,307.0,26917,16356,Bullish
2010-01-26,16005,7534,-6392.0,1493.0,21440,8471,Bearish Reversal
2010-02-02,15251,9868,-754.0,2334.0,21312,5383,Bearish Reversal
2010-02-09,14359,9636,-892.0,-232.0,20171,4723,Bearish Reversal
2010-02-16,14523,7088,164.0,-2548.0,19679,7435,Bullish Reversal
2010-02-23,14641,8249,118.0,1161.0,20201,6392,Bearish
2010-03-02,13715,8603,-926.0,354.0,20158,5112,Bearish Reversal
2010-03-09,11964,8717,-1751.0,114.0,21863,3247,Bearish
2010-03-16,11334,8525,-630.0,-192.0,15638,2809,Bearish Reversal
2010-03-23,13621,8132,2287.0,-393.0,17599,5489,Bullish
2010-03-30,13049,7243,-572.0,-889.0,17143,5806,Bullish Reversal
2010-04-06,12836,7333,-213.0,90.0,16221,5503,Bearish Reversal
2010-04-13,13771,6620,935.0,-713.0,17540,7151,Bullish
2010-04-20,14497,5745,726.0,-875.0,17911,8752,Bullish
2010-04-27,17554,4645,3057.0,-1100.0,21797,12909,Bullish
2010-05-04,18961,3985,1407.0,-660.0,23312,14976,Bullish
2010-05-11,20428,3536,1467.0,-449.0,24215,16892,Bullish
2010-05-18,16740,4187,-3688.0,651.0,21357,12553,Bearish Reversal
2010-05-25,11342,3680,-5398.0,-507.0,17760,7662,Bearish Reversal
2010-06-01,7622,5418,-3720.0,1738.0,15586,2204,Bearish Reversal
2010-06-08,6230,7099,-1392.0,1681.0,17962,-869,Bearish
2010-06-15,4329,6458,-1901.0,-641.0,9089,-2129,Bearish Reversal
2010-06-22,6721,5899,2392.0,-559.0,10476,822,Bullish
2010-06-29,8459,5973,1738.0,74.0,12880,2486,Bullish
2010-07-06,8093,5516,-366.0,-457.0,12959,2577,Bullish
2010-07-13,12683,7231,4590.0,1715.0,16798,5452,Bullish
2010-07-20,14523,5550,1840.0,-1681.0,18631,8973,Bullish
2010-07-27,18398,4724,3875.0,-826.0,22919,13674,Bullish
2010-08-03,20353,5294,1955.0,570.0,24399,15059,Bullish
2010-08-10,18992,6448,-1361.0,1154.0,25036,12544,Bearish
2010-08-17,17595,5456,-1397.0,-992.0,23627,12139,Bearish Reversal
2010-08-24,14931,4248,-2664.0,-1208.0,20271,10683,Bearish Reversal
2010-08-31,12193,5236,-2738.0,988.0,20099,6957,Bearish Reversal
2010-09-07,14648,5271,2455.0,35.0,27922,9377,Bullish
2010-09-14,21414,4575,6766.0,-696.0,25755,16839,Bullish Reversal
2010-09-21,22636,4228,1222.0,-347.0,26820,18408,Bullish
2010-09-28,21604,4334,-1032.0,106.0,25965,17270,Bearish Reversal
2010-10-05,21339,5005,-265.0,671.0,26042,16334,Bearish
2010-10-12,21276,4703,-63.0,-302.0,26437,16573,Bullish
2010-10-19,21477,6146,201.0,1443.0,27031,15331,Bearish
2010-10-26,21577,5706,100.0,-440.0,26754,15871,Bullish Reversal
2010-11-02,23393,4245,1816.0,-1461.0,28353,19148,Bullish
2010-11-09,26965,4715,3572.0,470.0,31494,22250,Bullish
2010-11-16,28915,5470,1950.0,755.0,33423,23445,Bullish
2010-11-23,26095,5026,-2820.0,-444.0,30969,21069,Bearish Reversal
2010-11-30,22982,4537,-3113.0,-489.0,27575,18445,Bearish Reversal
2010-12-07,22024,3763,-958.0,-774.0,27595,18261,Bearish
2010-12-14,21314,8793,-710.0,5030.0,24510,12521,Bearish Reversal
2010-12-21,17780,10414,-3534.0,1621.0,25081,7366,Bearish
2010-12-28,18570,10455,790.0,41.0,25090,8115,Bullish
2011-01-04,21162,10431,2592.0,-24.0,26443,10731,Bullish
2011-01-11,20943,11323,-219.0,892.0,27358,9620,Bearish
2011-01-18,21224,9977,281.0,-1346.0,27636,11247,Bullish
2011-01-25,18507,9880,-2717.0,-97.0,26199,8627,Bearish Reversal
2011-02-01,20041,9771,1534.0,-109.0,27450,10270,Bullish
2011-02-08,20804,9947,763.0,176.0,27897,10857,Bullish
2011-02-15,18018,8208,-2786.0,-1739.0,27735,9810,Bearish Reversal
2011-02-22,15975,7874,-2043.0,-334.0,27830,8101,Bearish
2011-03-01,15326,7915,-649.0,41.0,26966,7411,Bearish Reversal
2011-03-08,13467,9121,-1859.0,1206.0,27699,4346,Bearish
2011-03-15,7277,10086,-6190.0,965.0,15851,-2809,Bearish Reversal
2011-03-22,6005,7487,-1272.0,-2599.0,13974,-1482,Bullish Reversal
2011-03-29,6598,6359,593.0,-1128.0,13401,239,Bullish Reversal
2011-04-05,10129,7434,3531.0,1075.0,16197,2695,Bullish
2011-04-12,14233,7897,4104.0,463.0,21143,6336,Bullish
2011-04-19,17722,8383,3489.0,486.0,25789,9339,Bullish
2011-04-26,19205,7748,1483.0,-635.0,27220,11457,Bullish
2011-05-03,22522,9722,3317.0,1974.0,31620,12800,Bullish
2011-05-10,22828,9114,306.0,-608.0,30504,13714,Bullish Reversal
2011-05-17,22518,9894,-310.0,780.0,29636,12624,Bearish Reversal
2011-05-24,23234,9358,716.0,-536.0,30930,13876,Bullish
2011-05-31,23579,7855,345.0,-1503.0,30915,15724,Bullish Reversal
2011-06-07,23573,7569,-6.0,-286.0,37227,16004,Bullish
2011-06-14,23520,4302,-53.0,-3267.0,31432,19218,Bullish Reversal
2011-06-21,22942,4093,-578.0,-209.0,30261,18849,Bearish Reversal
2011-06-28,22242,3878,-700.0,-215.0,29652,18364,Bearish Reversal
2011-07-05,22648,3662,406.0,-216.0,30520,18986,Bullish
2011-07-12,22687,3103,39.0,-559.0,29745,19584,Bullish Reversal
2011-07-19,23364,1926,677.0,-1177.0,31072,21438,Bullish
2011-07-26,25241,1950,1877.0,24.0,32793,23291,Bullish
2011-08-02,25808,1682,567.0,-268.0,33788,24126,Bullish
2011-08-09,21588,1161,-4220.0,-521.0,28943,20427,Bearish Reversal
2011-08-16,19214,797,-2374.0,-364.0,26705,18417,Bearish Reversal
2011-08-23,17980,1104,-1234.0,307.0,26504,16876,Bearish Reversal
2011-08-30,17953,1388,-27.0,284.0,26856,16565,Bearish
2011-09-06,19215,1545,1262.0,157.0,27939,17670,Bullish
2011-09-13,19303,1639,88.0,94.0,34664,17664,Bearish
2011-09-20,16511,2946,-2792.0,1307.0,22307,13565,Bearish Reversal
2011-09-27,14475,4884,-2036.0,1938.0,23804,9591,Bearish
2011-10-04,12929,7363,-1546.0,2479.0,26211,5566,Bearish
2011-10-11,12075,5237,-854.0,-2126.0,25059,6838,Bullish Reversal
2011-10-18,12445,4220,370.0,-1017.0,24055,8225,Bullish Reversal
2011-10-25,13298,4079,853.0,-141.0,24675,9219,Bullish
2011-11-01,13394,2739,96.0,-1340.0,24021,10655,Bullish Reversal
2011-11-08,14585,3035,1191.0,296.0,24750,11550,Bullish
2011-11-15,14255,3641,-330.0,606.0,25966,10614,Bearish
2011-11-22,12639,4723,-1616.0,1082.0,26870,7916,Bearish
2011-11-29,11018,7300,-1621.0,2577.0,28277,3718,Bearish
2011-12-06,10745,6888,-273.0,-412.0,27597,3857,Bullish Reversal
2011-12-13,11148,5765,403.0,-1123.0,28686,5383,Bullish
2011-12-20,5735,5123,-5413.0,-642.0,9442,612,Bearish Reversal
2011-12-27,6571,5166,836.0,43.0,10181,1405,Bullish
2012-01-03,7857,5421,1286.0,255.0,10812,2436,Bullish
2012-01-10,10658,5629,2801.0,208.0,14173,5029,Bullish
2012-01-17,16195,6740,5537.0,1111.0,20955,9455,Bullish
2012-01-24,20232,7300,4037.0,560.0,25569,12932,Bullish
2012-01-31,25330,10533,5098.0,3233.0,31627,14797,Bullish
2012-02-07,28201,4866,2871.0,-5667.0,35020,23335,Bullish
2012-02-14,29202,5332,1001.0,466.0,36704,23870,Bullish
2012-02-21,29422,5211,220.0,-121.0,36889,24211,Bullish
2012-02-28,27006,4892,-2416.0,-319.0,35159,22114,Bearish Reversal
2012-03-06,23506,6718,-3500.0,1826.0,29950,16788,Bearish Reversal
2012-03-13,19223,6000,-4283.0,-718.0,32911,13223,Bearish
2012-03-20,14686,10476,-4537.0,4476.0,20288,4210,Bearish Reversal
2012-03-27,14046,10062,-640.0,-414.0,20247,3984,Bearish Reversal
2012-04-03,14477,8631,431.0,-1431.0,20753,5846,Bullish
2012-04-10,15433,8263,956.0,-368.0,21802,7170,Bullish
2012-04-17,16999,5060,1566.0,-3203.0,23952,11939,Bullish
2012-04-24,13984,4498,-3015.0,-562.0,19126,9486,Bearish Reversal
2012-05-01,12155,4130,-1829.0,-368.0,19815,8025,Bearish
2012-05-08,11688,5464,-467.0,1334.0,17969,6224,Bearish Reversal
2012-05-15,9124,6527,-2564.0,1063.0,17263,2597,Bearish Reversal
2012-05-22,8418,9927,-706.0,3400.0,21439,-1509,Bearish
2012-05-29,5798,11006,-2620.0,1079.0,21453,-5208,Bearish
2012-06-05,6575,12105,777.0,1099.0,21530,-5530,Bearish
2012-06-12,6640,10525,65.0,-1580.0,27485,-3885,Bullish
2012-06-19,3564,5777,-3076.0,-4748.0,12612,-2213,Bullish Reversal
2012-06-26,6108,5532,2544.0,-245.0,16601,576,Bullish
2012-07-03,9862,5542,3754.0,10.0,20483,4320,Bullish
2012-07-10,11434,5843,1572.0,301.0,22356,5591,Bullish
2012-07-17,10986,4047,-448.0,-1796.0,23328,6939,Bullish
2012-07-24,11703,3924,717.0,-123.0,23206,7779,Bullish Reversal
2012-07-31,13659,3312,1956.0,-612.0,24967,10347,Bullish
2012-08-07,17808,3220,4149.0,-92.0,28945,14588,Bullish
2012-08-14,18273,3026,465.0,-194.0,30100,15247,Bullish
2012-08-21,19835,3463,1562.0,437.0,31984,16372,Bullish
2012-08-28,18215,3986,-1620.0,523.0,31374,14229,Bearish Reversal
2012-09-04,14815,3414,-3400.0,-572.0,25393,11401,Bearish Reversal
2012-09-11,13641,3609,-1174.0,195.0,27152,10032,Bearish
2012-09-18,20402,3797,6761.0,188.0,29331,16605,Bullish
2012-09-25,23389,3424,2987.0,-373.0,32787,19965,Bullish
2012-10-02,25298,3917,1909.0,493.0,34171,21381,Bullish
2012-10-09,21075,4365,-4223.0,448.0,30497,16710,Bearish Reversal
2012-10-16,20646,4362,-429.0,-3.0,29486,16284,Bearish Reversal
2012-10-23,20528,4179,-118.0,-183.0,29136,16349,Bullish Reversal
2012-10-30,20849,4104,321.0,-75.0,31020,16745,Bullish
2012-11-06,24440,5052,3591.0,948.0,35323,19388,Bullish
2012-11-13,23692,4498,-748.0,-554.0,33252,19194,Bearish Reversal
2012-11-20,21436,3578,-2256.0,-920.0,29757,17858,Bearish Reversal
2012-11-27,21653,2943,217.0,-635.0,31901,18710,Bullish
2012-12-04,23272,2184,1619.0,-759.0,32167,21088,Bullish
2012-12-11,29560,4960,6288.0,2776.0,41381,24600,Bullish
2012-12-18,31830,17600,2270.0,12640.0,42446,14230,Bearish
2012-12-24,27425,12686,-4405.0,-4914.0,40135,14739,Bullish Reversal
2012-12-31,25832,8750,-1593.0,-3936.0,34531,17082,Bullish Reversal
2013-01-08,26635,7415,803.0,-1335.0,36531,19220,Bullish
2013-01-15,29920,7658,3285.0,243.0,38654,22262,Bullish
2013-01-22,28815,5283,-1105.0,-2375.0,37179,23532,Bullish Reversal
2013-01-29,26830,5014,-1985.0,-269.0,35480,21816,Bearish Reversal
2013-02-05,26343,3643,-487.0,-1371.0,37058,22700,Bullish
2013-02-12,24898,3560,-1445.0,-83.0,35107,21338,Bearish Reversal
2013-02-19,28153,3460,3255.0,-100.0,37555,24693,Bullish
2013-02-26,23570,3273,-4583.0,-187.0,32864,20297,Bearish Reversal
2013-03-05,23812,4768,242.0,1495.0,31547,19044,Bearish Reversal
2013-03-12,24250,4900,438.0,132.0,32813,19350,Bullish
2013-03-19,23384,10907,-866.0,6007.0,28933,12477,Bearish Reversal
2013-03-26,27946,11030,4562.0,123.0,34922,16916,Bullish
2013-04-02,31358,12971,3412.0,1941.0,39229,18387,Bullish
2013-04-09,35358,10208,4000.0,-2763.0,42549,25150,Bullish
2013-04-16,39986,9178,4628.0,-1030.0,46640,30808,Bullish
2013-04-23,38027,10322,-1959.0,1144.0,45127,27705,Bearish Reversal
2013-04-30,38184,9134,157.0,-1188.0,46571,29050,Bullish
2013-05-07,37775,9239,-409.0,105.0,46005,28536,Bearish Reversal
2013-05-14,30436,7220,-7339.0,-2019.0,37320,23216,Bearish Reversal
2013-05-21,23978,6196,-6458.0,-1024.0,32833,17782,Bearish Reversal
2013-05-28,19666,5655,-4312.0,-541.0,29377,14011,Bearish Reversal
2013-06-04,11700,5687,-7966.0,32.0,25530,6013,Bearish Reversal
2013-06-11,8940,6287,-2760.0,600.0,26293,2653,Bearish
2013-06-18,8469,6343,-471.0,56.0,11742,2126,Bearish Reversal
2013-06-25,5377,6088,-3092.0,-255.0,11632,-711,Bearish Reversal
2013-07-02,5288,6462,-89.0,374.0,12384,-1174,Bearish
2013-07-09,5390,6398,102.0,-64.0,12512,-1008,Bullish
2013-07-16,4224,6968,-1166.0,570.0,12904,-2744,Bearish
2013-07-23,4517,6363,293.0,-605.0,12613,-1846,Bullish Reversal
2013-07-30,5593,6113,1076.0,-250.0,12153,-520,Bullish Reversal
2013-08-06,4595,6134,-998.0,21.0,11572,-1539,Bearish Reversal
2013-08-13,6632,6435,2037.0,301.0,11976,197,Bullish
2013-08-20,9760,7370,3128.0,935.0,13500,2390,Bullish
2013-08-27,7463,7211,-2297.0,-159.0,12193,252,Bearish Reversal
2013-09-03,6384,7181,-1079.0,-30.0,13105,-797,Bearish
2013-09-10,8068,8669,1684.0,1488.0,15097,-601,Bullish
2013-09-17,12463,6806,4395.0,-1863.0,15842,5657,Bullish
2013-09-24,15470,7415,3007.0,609.0,19621,8055,Bullish
2013-10-01,17706,6815,2236.0,-600.0,22577,10891,Bullish
2013-10-08,18343,7577,637.0,762.0,23230,10766,Bearish
2013-10-15,19379,6711,1036.0,-866.0,24608,12668,Bullish
2013-10-22,21349,8235,1970.0,1524.0,27336,13114,Bullish
2013-10-29,17705,7080,-3644.0,-1155.0,23564,10625,Bearish Reversal
2013-11-05,16937,7229,-768.0,149.0,22367,9708,Bearish Reversal
2013-11-12,16814,6448,-123.0,-781.0,21996,10366,Bullish Reversal
2013-11-19,18940,6464,2126.0,16.0,24450,12476,Bullish
2013-11-26,16064,5815,-2876.0,-649.0,20919,10249,Bearish Reversal
2013-12-03,13660,6021,-2404.0,206.0,18318,7639,Bearish Reversal
2013-12-10,13183,4630,-477.0,-1391.0,19953,8553,Bullish
2013-12-17,12842,7169,-341.0,2539.0,17939,5673,Bearish Reversal
2013-12-24,13899,7443,1057.0,274.0,18668,6456,Bullish
2013-12-31,14198,7491,299.0,48.0,18748,6707,Bullish
2014-01-07,14803,6937,605.0,-554.0,20039,7866,Bullish
2014-01-14,17539,7925,2736.0,988.0,22870,9614,Bullish
2014-01-21,17330,8774,-209.0,849.0,22817,8556,Bearish Reversal
2014-01-28,16606,6921,-724.0,-1853.0,21796,9685,Bullish Reversal
2014-02-04,14588,6556,-2018.0,-365.0,20098,8032,Bearish Reversal
2014-02-11,13176,5535,-1412.0,-1021.0,19085,7641,Bearish Reversal
2014-02-18,15331,6425,2155.0,890.0,21516,8906,Bullish
2014-02-25,16529,5547,1198.0,-878.0,22142,10982,Bullish
2014-03-04,19346,5914,2817.0,367.0,25616,13432,Bullish
2014-03-11,21155,6706,1809.0,792.0,31905,14449,Bullish
2014-03-18,24645,8894,3490.0,2188.0,31463,15751,Bullish Reversal
2014-03-25,26243,8030,1598.0,-864.0,32748,18213,Bullish
2014-04-01,25765,7285,-478.0,-745.0,32313,18480,Bullish Reversal
2014-04-08,26521,6755,756.0,-530.0,32898,19766,Bullish
2014-04-15,26671,6824,150.0,69.0,33100,19847,Bullish
2014-04-22,26056,5881,-615.0,-943.0,32579,20175,Bullish Reversal
2014-04-29,22979,4499,-3077.0,-1382.0,29858,18480,Bearish Reversal
2014-05-06,25027,4334,2048.0,-165.0,33025,20693,Bullish
2014-05-13,23806,4466,-1221.0,132.0,30932,19340,Bearish Reversal
2014-05-20,22486,4892,-1320.0,426.0,30556,17594,Bearish Reversal
2014-05-27,22034,4090,-452.0,-802.0,30649,17944,Bullish
2014-06-03,22400,4869,366.0,779.0,30066,17531,Bearish Reversal
2014-06-10,20401,3546,-1999.0,-1323.0,32946,16855,Bearish
2014-06-17,21671,17938,1270.0,14392.0,28467,3733,Bearish Reversal
2014-06-24,24855,18703,3184.0,765.0,31415,6152,Bullish
2014-07-01,26563,17578,1708.0,-1125.0,33455,8985,Bullish
2014-07-08,26750,12334,187.0,-5244.0,36123,14416,Bullish
2014-07-15,26570,11117,-180.0,-1217.0,32879,15453,Bullish Reversal
2014-07-22,26028,10896,-542.0,-221.0,32728,15132,Bearish Reversal
2014-07-29,23552,8263,-2476.0,-2633.0,30531,15289,Bullish Reversal
2014-08-05,18949,4449,-4603.0,-3814.0,25603,14500,Bearish Reversal
2014-08-12,17913,4484,-1036.0,35.0,25214,13429,Bearish Reversal
2014-08-19,16796,4764,-1117.0,280.0,24048,12032,Bearish Reversal
2014-08-26,16405,4564,-391.0,-200.0,23619,11841,Bearish Reversal
2014-09-02,15623,5451,-782.0,887.0,23319,10172,Bearish Reversal
2014-09-09,14369,4847,-1254.0,-604.0,24920,9522,Bearish
2014-09-16,9814,8694,-4555.0,3847.0,16050,1120,Bearish Reversal
2014-09-23,9779,7938,-35.0,-756.0,16146,1841,Bullish
2014-09-30,10092,10028,313.0,2090.0,18209,64,Bearish
2014-10-07,10052,10152,-40.0,124.0,19214,-100,Bearish
2014-10-14,9171,11555,-881.0,1403.0,21317,-2384,Bearish
2014-10-21,8526,10858,-645.0,-697.0,21311,-2332,Bullish Reversal
2014-10-28,8506,12404,-20.0,1546.0,22023,-3898,Bearish
2014-11-04,9737,13846,1231.0,1442.0,23716,-4109,Bearish
2014-11-11,9244,10233,-493.0,-3613.0,19809,-989,Bullish Reversal
2014-11-18,9134,10381,-110.0,148.0,19907,-1247,Bearish
2014-11-25,9630,11924,496.0,1543.0,21096,-2294,Bearish
2014-12-02,9272,10952,-358.0,-972.0,20448,-1680,Bullish Reversal
2014-12-09,9786,12081,514.0,1129.0,23550,-2295,Bearish
2014-12-16,9865,10504,79.0,-1577.0,18447,-639,Bullish Reversal
2014-12-23,9786,11194,-79.0,690.0,19295,-1408,Bearish
2014-12-30,8236,10082,-1550.0,-1112.0,18071,-1846,Bearish Reversal
2015-01-06,9865,10772,1629.0,690.0,19437,-907,Bullish
2015-01-13,8396,10172,-1469.0,-600.0,21064,-1776,Bearish
2015-01-20,10941,12758,2545.0,2586.0,22818,-1817,Bearish
2015-01-27,11908,15567,967.0,2809.0,25594,-3659,Bearish
2015-02-03,10537,15034,-1371.0,-533.0,25687,-4497,Bearish
2015-02-10,9272,15472,-1265.0,438.0,26593,-6200,Bearish
2015-02-17,10021,15774,749.0,302.0,27700,-5753,Bullish
2015-02-24,11107,15437,1086.0,-337.0,27328,-4330,Bullish Reversal
2015-03-03,14597,15964,3490.0,527.0,27610,-1367,Bullish
2015-03-10,13347,15827,-1250.0,-137.0,29726,-2480,Bearish
2015-03-17,13117,14258,-230.0,-1569.0,23317,-1141,Bullish Reversal
2015-03-24,12149,13015,-968.0,-1243.0,20958,-866,Bullish Reversal
2015-03-31,16443,12412,4294.0,-603.0,24049,4031,Bullish
2015-04-07,16950,11172,507.0,-1240.0,24920,5778,Bullish
2015-04-14,17081,11078,131.0,-94.0,25176,6003,Bullish
2015-04-21,18473,9985,1392.0,-1093.0,26617,8488,Bullish
2015-04-28,18281,8101,-192.0,-1884.0,28071,10180,Bullish
2015-05-05,19585,10521,1304.0,2420.0,28379,9064,Bearish
2015-05-12,14268,12498,-5317.0,1977.0,25525,1770,Bearish Reversal
2015-05-19,11192,13423,-3076.0,925.0,26331,-2231,Bearish
2015-05-26,10426,15513,-766.0,2090.0,28514,-5087,Bearish
2015-06-02,9432,19971,-994.0,4458.0,33005,-10539,Bearish
2015-06-09,11097,22892,1665.0,2921.0,36911,-11795,Bearish
2015-06-16,19382,28550,8285.0,5658.0,37169,-9168,Bullish
2015-06-23,19661,33224,279.0,4674.0,42911,-13563,Bearish
2015-06-30,16949,33015,-2712.0,-209.0,43256,-16066,Bearish
2015-07-07,14679,33027,-2270.0,12.0,42873,-18348,Bearish Reversal
2015-07-14,13504,33158,-1175.0,131.0,42311,-19654,Bearish Reversal
2015-07-21,13200,29154,-304.0,-4004.0,38544,-15954,Bullish Reversal
2015-07-28,13550,26315,350.0,-2839.0,37487,-12765,Bullish Reversal
2015-08-04,14391,26290,841.0,-25.0,38530,-11899,Bullish
2015-08-11,13931,24503,-460.0,-1787.0,36861,-10572,Bullish Reversal
2015-08-18,14012,23969,81.0,-534.0,36523,-9957,Bullish Reversal
2015-08-25,15388,21451,1376.0,-2518.0,33400,-6063,Bullish Reversal
2015-09-01,13543,21822,-1845.0,371.0,34339,-8279,Bearish
2015-09-08,11677,23497,-1866.0,1675.0,38325,-11820,Bearish
2015-09-15,22462,24556,10785.0,1059.0,33352,-2094,Bullish Reversal
2015-09-22,22990,26519,528.0,1963.0,35920,-3529,Bearish
2015-09-29,20995,24057,-1995.0,-2462.0,34105,-3062,Bullish Reversal
2015-10-06,18357,19328,-2638.0,-4729.0,31930,-971,Bullish Reversal
2015-10-13,18344,17652,-13.0,-1676.0,29038,692,Bullish Reversal
2015-10-20,19447,15688,1103.0,-1964.0,30142,3759,Bullish
2015-10-27,20339,14750,892.0,-938.0,31743,5589,Bullish
2015-11-03,21266,14648,927.0,-102.0,32539,6618,Bullish
2015-11-10,21267,15703,1.0,1055.0,33719,5564,Bearish
2015-11-17,22219,16971,952.0,1268.0,34899,5248,Bearish
2015-11-24,22603,18593,384.0,1622.0,35099,4010,Bearish
2015-12-01,22881,18124,278.0,-469.0,36623,4757,Bullish
2015-12-08,24452,15571,1571.0,-2553.0,38425,8881,Bullish
2015-12-15,16346,15227,-8106.0,-344.0,23626,1119,Bearish Reversal
2015-12-22,14946,15167,-1400.0,-60.0,24057,-221,Bearish
2015-12-29,14971,15117,25.0,-50.0,24587,-146,Bullish
2016-01-05,16842,15263,1871.0,146.0,24928,1579,Bullish
2016-01-12,17149,15608,307.0,345.0,25434,1541,Bearish
2016-01-19,14938,17892,-2211.0,2284.0,28114,-2954,Bearish
2016-01-26,15166,20566,228.0,2674.0,30437,-5400,Bearish
2016-02-02,13492,21928,-1674.0,1362.0,30979,-8436,Bearish
2016-02-09,13666,22805,174.0,877.0,33544,-9139,Bearish
2016-02-16,14465,22782,799.0,-23.0,33596,-8317,Bullish
2016-02-23,15968,22583,1503.0,-199.0,32618,-6615,Bullish Reversal
2016-03-01,16593,20750,625.0,-1833.0,31473,-4157,Bullish Reversal
2016-03-08,20419,22419,3826.0,1669.0,34957,-2000,Bullish
2016-03-15,20524,19234,105.0,-3185.0,28451,1290,Bullish Reversal
2016-03-22,19375,18358,-1149.0,-876.0,27163,1017,Bearish Reversal
2016-03-29,20255,18381,880.0,23.0,28248,1874,Bullish
2016-04-05,20152,17249,-103.0,-1132.0,28309,2903,Bullish
2016-04-12,21472,17180,1320.0,-69.0,29575,4292,Bullish
2016-04-19,22674,17323,1202.0,143.0,31313,5351,Bullish
2016-04-26,24459,17075,1785.0,-248.0,33789,7384,Bullish
2016-05-03,25306,16106,847.0,-969.0,36578,9200,Bullish
2016-05-10,33573,24221,8267.0,8115.0,45419,9352,Bullish
2016-05-17,32545,25857,-1028.0,1636.0,43986,6688,Bearish Reversal
2016-05-24,30414,25838,-2131.0,-19.0,42189,4576,Bearish Reversal
2016-05-31,31919,26415,1505.0,577.0,44604,5504,Bullish
2016-06-07,38562,30026,6643.0,3611.0,57750,8536,Bullish
2016-06-14,29558,33376,-9004.0,3350.0,41919,-3818,Bearish Reversal
2016-06-21,30013,33058,455.0,-318.0,43562,-3045,Bullish
2016-06-28,29798,32624,-215.0,-434.0,43462,-2826,Bullish Reversal
2016-07-05,30606,32009,808.0,-615.0,44234,-1403,Bullish
2016-07-12,31694,30683,1088.0,-1326.0,44750,1011,Bullish
2016-07-19,29156,26983,-2538.0,-3700.0,41199,2173,Bullish Reversal
2016-07-26,26598,26383,-2558.0,-600.0,39825,215,Bearish Reversal
2016-08-02,27049,26832,451.0,449.0,40392,217,Bullish
2016-08-09,28314,28927,1265.0,2095.0,41475,-613,Bearish
2016-08-16,28980,29675,666.0,748.0,43268,-695,Bearish
2016-08-23,29926,30804,946.0,1129.0,44393,-878,Bearish
2016-08-30,31747,29854,1821.0,-950.0,46496,1893,Bullish
2016-09-06,37243,31115,5496.0,1261.0,51939,6128,Bullish
2016-09-13,34900,29771,-2343.0,-1344.0,61941,5129,Bearish
2016-09-20,34778,42694,-122.0,12923.0,49526,-7916,Bearish Reversal
2016-09-27,34159,40952,-619.0,-1742.0,49416,-6793,Bullish Reversal
2016-10-04,32224,40054,-1935.0,-898.0,49242,-7830,Bearish Reversal
2016-10-11,30962,38698,-1262.0,-1356.0,47124,-7736,Bullish Reversal
2016-10-18,29513,29666,-1449.0,-9032.0,47413,-153,Bullish
2016-10-25,29504,29924,-9.0,258.0,47257,-420,Bearish Reversal
2016-11-01,28557,29522,-947.0,-402.0,46788,-965,Bearish Reversal
2016-11-08,36124,33619,7567.0,4097.0,52113,2505,Bullish
2016-11-15,33547,31504,-2577.0,-2115.0,48563,2043,Bearish Reversal
2016-11-22,31779,32312,-1768.0,808.0,50007,-533,Bearish
2016-11-29,30231,32103,-1548.0,-209.0,49885,-1872,Bearish Reversal
2016-12-06,27641,31593,-2590.0,-510.0,48740,-3952,Bearish Reversal
2016-12-13,29402,33104,1761.0,1511.0,54226,-3702,Bullish
2016-12-20,28313,35266,-1089.0,2162.0,41806,-6953,Bearish Reversal
2016-12-27,25448,36449,-2865.0,1183.0,43266,-11001,Bearish
2017-01-03,25522,36935,74.0,486.0,44227,-11413,Bearish
2017-01-10,22989,36949,-2533.0,14.0,43936,-13960,Bearish Reversal
2017-01-17,25517,37805,2528.0,856.0,45994,-12288,Bullish
2017-01-24,25851,35734,334.0,-2071.0,44940,-9883,Bullish Reversal
2017-01-31,32712,33734,6861.0,-2000.0,51587,-1022,Bullish
2017-02-07,34860,33015,2148.0,-719.0,54073,1845,Bullish
2017-02-14,36565,33689,1705.0,674.0,56314,2876,Bullish
2017-02-21,35252,32094,-1313.0,-1595.0,55082,3158,Bullish Reversal
2017-02-28,37198,34261,1946.0,2167.0,57102,2937,Bearish
2017-03-07,27207,31632,-9991.0,-2629.0,51405,-4425,Bearish Reversal
2017-03-14,19509,25114,-7698.0,-6518.0,34986,-5605,Bearish Reversal
2017-03-21,16599,29209,-2910.0,4095.0,37898,-12610,Bearish
2017-03-28,16216,28845,-383.0,-364.0,37949,-12629,Bearish
2017-04-04,17009,31733,793.0,2888.0,40904,-14724,Bearish
2017-04-11,19008,34161,1999.0,2428.0,43375,-15153,Bearish
2017-04-18,18320,33326,-688.0,-835.0,43061,-15006,Bullish Reversal
2017-04-25,18693,34097,373.0,771.0,43947,-15404,Bearish
2017-05-02,19190,31160,497.0,-2937.0,43368,-11970,Bullish Reversal
2017-05-09,12070,22856,-7120.0,-8304.0,44057,-10786,Bullish
2017-05-16,11918,23872,-152.0,1016.0,45187,-11954,Bearish
2017-05-23,14018,23235,2100.0,-637.0,44165,-9217,Bullish Reversal
2017-05-30,16886,22425,2868.0,-810.0,44203,-5539,Bullish
2017-06-06,19348,21133,2462.0,-1292.0,43814,-1785,Bullish Reversal
2017-06-13,27261,25666,7913.0,4533.0,53576,1595,Bullish
2017-06-20,38388,16933,11127.0,-8733.0,50095,21455,Bullish Reversal
2017-06-27,45001,19768,6613.0,2835.0,57424,25233,Bullish
2017-07-03,44484,15351,-517.0,-4417.0,57560,29133,Bullish
2017-07-11,45435,13530,951.0,-1821.0,58499,31905,Bullish
2017-07-18,44257,8276,-1178.0,-5254.0,57496,35981,Bullish Reversal
2017-07-25,41221,6416,-3036.0,-1860.0,54603,34805,Bearish Reversal
2017-08-01,41531,6593,310.0,177.0,54968,34938,Bullish
2017-08-08,40241,6756,-1290.0,163.0,53151,33485,Bearish Reversal
2017-08-15,33509,8670,-6732.0,1914.0,48413,24839,Bearish Reversal
2017-08-22,29590,7708,-3919.0,-962.0,44090,21882,Bearish Reversal
2017-08-29,29002,10198,-588.0,2490.0,43732,18804,Bearish Reversal
2017-09-05,26773,12050,-2229.0,1852.0,46094,14723,Bearish
2017-09-12,25150,12800,-1623.0,750.0,49256,12350,Bearish
2017-09-19,23248,16578,-1902.0,3778.0,37073,6670,Bearish Reversal
2017-09-26,22369,14316,-879.0,-2262.0,35914,8053,Bullish Reversal
2017-10-03,20928,12810,-1441.0,-1506.0,34175,8118,Bullish Reversal
2017-10-10,21529,15800,601.0,2990.0,36460,5729,Bearish
2017-10-17,20423,13446,-1106.0,-2354.0,33757,6977,Bullish Reversal
2017-10-24,20549,19938,126.0,6492.0,41185,611,Bearish
2017-10-31,21763,27470,1214.0,7532.0,49610,-5707,Bearish
2017-11-07,18943,30130,-2820.0,2660.0,52072,-11187,Bearish
2017-11-14,18146,30037,-797.0,-93.0,53690,-11891,Bearish
2017-11-21,22489,35883,4343.0,5846.0,59737,-13394,Bearish
2017-11-28,23960,37982,1471.0,2099.0,61260,-14022,Bearish
2017-12-05,24228,37121,268.0,-861.0,61386,-12893,Bullish
2017-12-12,23811,37239,-417.0,118.0,74192,-13428,Bearish
2017-12-19,19456,36075,-4355.0,-1164.0,48385,-16619,Bearish Reversal
2017-12-26,18140,35726,-1316.0,-349.0,47219,-17586,Bearish Reversal
2018-01-02,15509,32494,-2631.0,-3232.0,45141,-16985,Bullish Reversal
2018-01-09,17304,28321,1795.0,-4173.0,45519,-11017,Bullish
2018-01-16,17795,25786,491.0,-2535.0,46780,-7991,Bullish
2018-01-23,24620,26086,6825.0,300.0,53374,-1466,Bullish
2018-01-30,29667,26197,5047.0,111.0,55783,3470,Bullish
2018-02-06,29316,25984,-351.0,-213.0,55563,3332,Bearish Reversal
2018-02-13,28648,26428,-668.0,444.0,53739,2220,Bearish Reversal
2018-02-20,29422,28478,774.0,2050.0,54483,944,Bearish
2018-02-27,32179,33170,2757.0,4692.0,58443,-991,Bearish
2018-03-06,33091,33061,912.0,-109.0,59354,30,Bullish
2018-03-13,34689,37505,1598.0,4444.0,66872,-2816,Bearish
2018-03-20,31078,11452,-3611.0,-26053.0,44482,19626,Bullish Reversal
2018-03-27,32749,14510,1671.0,3058.0,46728,18239,Bearish
2018-04-03,32948,14571,199.0,61.0,47079,18377,Bullish
2018-04-10,41652,18825,8704.0,4254.0,55938,22827,Bullish
2018-04-17,47255,19652,5603.0,827.0,61437,27603,Bullish
2018-04-24,39933,15499,-7322.0,-4153.0,55385,24434,Bearish Reversal
2018-05-01,29899,13326,-10034.0,-2173.0,47605,16573,Bearish Reversal
2018-05-08,29004,16458,-895.0,3132.0,49725,12546,Bearish
2018-05-15,28754,26801,-250.0,10343.0,59874,1953,Bearish
2018-05-22,27077,28440,-1677.0,1639.0,60456,-1363,Bearish
2018-05-29,30945,29544,3868.0,1104.0,62523,1401,Bullish
2018-06-05,33307,28924,2362.0,-620.0,62065,4383,Bullish Reversal
2018-06-12,34836,27830,1529.0,-1094.0,64699,7006,Bullish
2018-06-19,14656,30596,-20180.0,2766.0,43308,-15940,Bearish Reversal
2018-06-26,14898,32460,242.0,1864.0,45026,-17562,Bearish
2018-07-03,14522,40926,-376.0,8466.0,53676,-26404,Bearish
2018-07-10,13170,39744,-1352.0,-1182.0,52787,-26574,Bearish Reversal
2018-07-17,15392,40459,2222.0,715.0,53254,-25067,Bullish
2018-07-24,14977,39347,-415.0,-1112.0,51898,-24370,Bullish Reversal
2018-07-31,14454,38134,-523.0,-1213.0,51816,-23680,Bullish Reversal
2018-08-07,14051,38578,-403.0,444.0,51319,-24527,Bearish Reversal
2018-08-14,15723,42416,1672.0,3838.0,56128,-26693,Bearish
2018-08-21,15665,40808,-58.0,-1608.0,55473,-25143,Bullish Reversal
2018-08-28,16445,40372,780.0,-436.0,54564,-23927,Bullish Reversal
2018-09-04,16291,41185,-154.0,813.0,55781,-24894,Bearish
2018-09-11,19408,42055,3117.0,870.0,59669,-22647,Bullish
2018-09-18,11021,43010,-8387.0,955.0,57429,-31989,Bearish Reversal
2018-09-25,10906,42741,-115.0,-269.0,56994,-31835,Bullish Reversal
2018-10-02,10678,41274,-228.0,-1467.0,56448,-30596,Bullish Reversal
2018-10-09,15418,49238,4740.0,7964.0,64710,-33820,Bearish
2018-10-16,11136,46548,-4282.0,-2690.0,62490,-35412,Bearish Reversal
2018-10-23,9634,42682,-1502.0,-3866.0,58683,-33048,Bullish Reversal
2018-10-30,8956,43987,-678.0,1305.0,59718,-35031,Bearish
2018-11-06,10434,36160,1478.0,-7827.0,51288,-25726,Bullish Reversal
2018-11-13,11138,32006,704.0,-4154.0,50015,-20868,Bullish Reversal
2018-11-20,15489,34836,4351.0,2830.0,53661,-19347,Bullish
2018-11-27,16373,36913,884.0,2077.0,54184,-20540,Bearish
2018-12-04,17694,38991,1321.0,2078.0,56348,-21297,Bearish
2018-12-11,19127,34368,1433.0,-4623.0,62587,-15241,Bullish
2018-12-18,18820,15409,-307.0,-18959.0,29675,3411,Bullish Reversal
2018-12-24,17717,15777,-1103.0,368.0,28524,1940,Bearish Reversal
2018-12-31,18272,16310,555.0,533.0,29640,1962,Bullish
2019-01-08,14895,16433,-3377.0,123.0,29804,-1538,Bearish
2019-01-15,14129,17069,-766.0,636.0,30350,-2940,Bearish
2019-01-22,15437,20026,1308.0,2957.0,33089,-4589,Bearish
2019-01-29,14891,17707,-546.0,-2319.0,31684,-2816,Bullish Reversal
2019-02-05,19257,18710,4366.0,1003.0,34054,547,Bullish
2019-02-12,17944,19067,-1313.0,357.0,35744,-1123,Bearish
2019-02-19,18718,19458,774.0,391.0,36758,-740,Bullish
2019-02-26,18295,17381,-423.0,-2077.0,35407,914,Bullish Reversal
2019-03-05,20687,19266,2392.0,1885.0,39314,1421,Bullish
2019-03-12,20974,16377,287.0,-2889.0,42326,4597,Bullish
2019-03-19,17301,18425,-3673.0,2048.0,36146,-1124,Bearish Reversal
2019-03-26,22570,22772,5269.0,4347.0,42640,-202,Bullish
2019-04-02,20854,21259,-1716.0,-1513.0,39164,-405,Bearish Reversal
2019-04-09,18911,20394,-1943.0,-865.0,37599,-1483,Bearish Reversal
2019-04-16,17030,20251,-1881.0,-143.0,37770,-3221,Bearish
2019-04-23,21367,26817,4337.0,6566.0,45134,-5450,Bearish
2019-04-30,19038,30498,-2329.0,3681.0,49266,-11460,Bearish
2019-05-07,16308,29050,-2730.0,-1448.0,48392,-12742,Bearish Reversal
2019-05-14,19075,30513,2767.0,1463.0,50262,-11438,Bullish
2019-05-21,26446,37310,7371.0,6797.0,58548,-10864,Bullish
2019-05-28,24986,41134,-1460.0,3824.0,61961,-16148,Bearish
2019-06-04,23476,43872,-1510.0,2738.0,68760,-20396,Bearish
2019-06-11,23072,39194,-404.0,-4678.0,62497,-16122,Bullish Reversal
2019-06-18,19552,44020,-3520.0,4826.0,64240,-24468,Bearish
2019-06-25,17611,41664,-1941.0,-2356.0,61828,-24053,Bullish Reversal
2019-07-02,11272,35304,-6339.0,-6360.0,55017,-24032,Bullish Reversal
2019-07-09,10484,32689,-788.0,-2615.0,54222,-22205,Bullish Reversal
2019-07-16,10839,28158,355.0,-4531.0,50025,-17319,Bullish Reversal
2019-07-23,16029,28254,5190.0,96.0,54066,-12225,Bullish
2019-07-30,15117,27436,-912.0,-818.0,53172,-12319,Bearish Reversal
2019-08-06,17898,29462,2781.0,2026.0,57131,-11564,Bullish
2019-08-13,20500,33947,2602.0,4485.0,59895,-13447,Bearish
2019-08-20,21073,39333,573.0,5386.0,62760,-18260,Bearish
2019-08-27,21135,47182,62.0,7849.0,64672,-26047,Bearish
2019-09-03,21066,51742,-69.0,4560.0,67827,-30676,Bearish
2019-09-10,22490,52280,1424.0,538.0,73148,-29790,Bullish
2019-09-17,15824,51867,-6666.0,-413.0,68408,-36043,Bearish Reversal
2019-09-24,19515,59113,3691.0,7246.0,75074,-39598,Bearish
2019-10-01,16114,58588,-3401.0,-525.0,75163,-42474,Bearish
2019-10-08,14377,52594,-1737.0,-5994.0,73793,-38217,Bullish Reversal
2019-10-15,14383,54399,6.0,1805.0,74796,-40016,Bearish
2019-10-22,12149,52291,-2234.0,-2108.0,73499,-40142,Bearish Reversal
2019-10-29,11612,52015,-537.0,-276.0,72478,-40403,Bearish Reversal
2019-11-05,14376,53341,2764.0,1326.0,75326,-38965,Bullish
2019-11-12,16750,52985,2374.0,-356.0,79394,-36235,Bullish
2019-11-19,12349,47448,-4401.0,-5537.0,73073,-35099,Bullish Reversal
2019-11-26,10626,46452,-1723.0,-996.0,70840,-35826,Bearish Reversal
2019-12-03,16467,43459,5841.0,-2993.0,71895,-26992,Bullish
2019-12-10,14433,39773,-2034.0,-3686.0,75194,-25340,Bullish
2019-12-17,16160,24377,1727.0,-15396.0,44340,-8217,Bullish Reversal
2019-12-24,18651,26447,2491.0,2070.0,46630,-7796,Bullish
2019-12-31,23893,28951,5242.0,2504.0,48744,-5058,Bullish
2020-01-07,27369,28857,3476.0,-94.0,50802,-1488,Bullish
2020-01-14,24085,24446,-3284.0,-4411.0,48651,-361,Bullish Reversal
2020-01-21,24112,22279,27.0,-2167.0,48300,1833,Bullish Reversal
2020-01-28,22882,20822,-1230.0,-1457.0,46500,2060,Bullish Reversal
2020-02-04,18599,20791,-4283.0,-31.0,43692,-2192,Bearish Reversal
2020-02-11,19893,23969,1294.0,3178.0,48946,-4076,Bearish
2020-02-18,17485,29672,-2408.0,5703.0,52585,-12187,Bearish
2020-02-25,18994,34305,1509.0,4633.0,58240,-15311,Bearish
2020-03-03,20530,37487,1536.0,3182.0,62847,-16957,Bearish
2020-03-10,20681,36057,151.0,-1430.0,71034,-15376,Bullish
2020-03-17,9976,30251,-10705.0,-5806.0,44688,-20275,Bearish Reversal
2020-03-24,6993,23009,-2983.0,-7242.0,37622,-16016,Bullish Reversal
2020-03-31,8040,24146,1047.0,1137.0,39144,-16106,Bearish
2020-04-07,9968,24621,1928.0,475.0,40306,-14653,Bullish
2020-04-14,8958,23536,-1010.0,-1085.0,39812,-14578,Bullish Reversal
2020-04-21,8282,22541,-676.0,-995.0,39153,-14259,Bullish Reversal
2020-04-28,9856,23635,1574.0,1094.0,41267,-13779,Bullish
2020-05-05,12042,26995,2186.0,3360.0,44372,-14953,Bearish
2020-05-12,11953,27831,-89.0,836.0,45368,-15878,Bearish
2020-05-19,10742,26609,-1211.0,-1222.0,44143,-15867,Bullish Reversal
2020-05-26,12218,27261,1476.0,652.0,45668,-15043,Bullish
2020-06-02,14318,27241,2100.0,-20.0,46537,-12923,Bullish
2020-06-09,15165,26406,847.0,-835.0,46711,-11241,Bullish
2020-06-16,14452,16384,-713.0,-10022.0,27321,-1932,Bullish Reversal
2020-06-23,16174,16189,1722.0,-195.0,29351,-15,Bullish
2020-06-30,16314,15958,140.0,-231.0,30845,356,Bullish
2020-07-07,15806,16123,-508.0,165.0,31229,-317,Bearish
2020-07-14,16973,15856,1167.0,-267.0,33202,1117,Bullish
2020-07-21,19597,17122,2624.0,1266.0,36105,2475,Bullish
2020-07-28,17383,18228,-2214.0,1106.0,36142,-845,Bearish
2020-08-04,18584,20032,1201.0,1804.0,38499,-1448,Bearish
2020-08-11,17878,18057,-706.0,-1975.0,37528,-179,Bullish Reversal
2020-08-18,20513,16751,2635.0,-1306.0,38561,3762,Bullish
2020-08-25,19756,15568,-757.0,-1183.0,36678,4188,Bullish Reversal
2020-09-01,21434,14468,1678.0,-1100.0,40244,6966,Bullish
2020-09-08,20109,15209,-1325.0,741.0,44047,4900,Bearish
2020-09-15,18002,14760,-2107.0,-449.0,35834,3242,Bearish Reversal
2020-09-22,16700,11840,-1302.0,-2920.0,35216,4860,Bullish Reversal
2020-09-29,17100,13771,400.0,1931.0,35923,3329,Bearish
2020-10-06,16755,11665,-345.0,-2106.0,34612,5090,Bullish Reversal
2020-10-13,20227,13737,3472.0,2072.0,38209,6490,Bullish
2020-10-20,19897,13295,-330.0,-442.0,37295,6602,Bullish Reversal
2020-10-27,22023,15028,2126.0,1733.0,40388,6995,Bullish
2020-11-03,21903,14852,-120.0,-176.0,40400,7051,Bullish
2020-11-10,25695,17978,3792.0,3126.0,46065,7717,Bullish
2020-11-17,29325,20457,3630.0,2479.0,50687,8868,Bullish
2020-11-24,32235,23923,2910.0,3466.0,54640,8312,Bearish
2020-12-01,32806,23748,571.0,-175.0,55345,9058,Bullish
2020-12-08,34730,24180,1924.0,432.0,61261,10550,Bullish
2020-12-15,28739,14546,-5991.0,-9634.0,47402,14193,Bullish Reversal
2020-12-21,28710,15056,-29.0,510.0,48309,13654,Bearish
2020-12-29,27839,15305,-871.0,249.0,47915,12534,Bearish Reversal
2021-01-05,26552,14556,-1287.0,-749.0,47194,11996,Bearish Reversal
2021-01-12,26131,11424,-421.0,-3132.0,44757,14707,Bullish Reversal
2021-01-19,27997,12014,1866.0,590.0,46244,15983,Bullish
2021-01-26,28177,13419,180.0,1405.0,46804,14758,Bearish
2021-02-02,30501,18854,2324.0,5435.0,50685,11647,Bearish
2021-02-09,29133,17589,-1368.0,-1265.0,48655,11544,Bearish Reversal
2021-02-16,30243,16532,1110.0,-1057.0,48103,13711,Bullish Reversal
2021-02-23,30422,15773,179.0,-759.0,48209,14649,Bullish
2021-03-02,31825,15417,1403.0,-356.0,48587,16408,Bullish
2021-03-09,32664,15538,839.0,121.0,51380,17126,Bullish
2021-03-16,20002,13973,-12662.0,-1565.0,34565,6029,Bearish Reversal
2021-03-23,20354,15630,352.0,1657.0,38253,4724,Bearish
2021-03-30,18945,14899,-1409.0,-731.0,36805,4046,Bearish Reversal
2021-04-06,19199,16061,254.0,1162.0,37377,3138,Bearish
2021-04-13,19727,17207,528.0,1146.0,38435,2520,Bearish
2021-04-20,21695,17373,1968.0,166.0,40632,4322,Bullish
2021-04-27,25852,18873,4157.0,1500.0,44102,6979,Bullish
2021-05-04,26371,17783,519.0,-1090.0,44453,8588,Bullish
2021-05-11,26377,17033,6.0,-750.0,45414,9344,Bullish
2021-05-18,23624,15174,-2753.0,-1859.0,43155,8450,Bearish Reversal
2021-05-25,24446,15861,822.0,687.0,44245,8585,Bullish
2021-06-01,24684,18757,238.0,2896.0,46253,5927,Bearish
2021-06-08,21962,16456,-2722.0,-2301.0,45803,5506,Bearish Reversal
2021-06-15,18466,15201,-3496.0,-1255.0,37913,3265,Bearish Reversal
2021-06-22,19171,15885,705.0,684.0,39285,3286,Bullish
2021-06-29,19914,16790,743.0,905.0,41352,3124,Bearish
2021-07-06,19412,17651,-502.0,861.0,41756,1761,Bearish
2021-07-13,20627,17397,1215.0,-254.0,42463,3230,Bullish
2021-07-20,20671,17625,44.0,228.0,43583,3046,Bearish
2021-07-27,19505,18084,-1166.0,459.0,43953,1421,Bearish
2021-08-03,16959,17284,-2546.0,-800.0,42743,-325,Bearish Reversal
2021-08-10,17295,18327,336.0,1043.0,46690,-1032,Bearish
2021-08-17,16674,16909,-621.0,-1418.0,44222,-235,Bullish Reversal
2021-08-24,17219,17581,545.0,672.0,46444,-362,Bearish
2021-08-31,17692,19833,473.0,2252.0,48296,-2141,Bearish
2021-09-07,20074,16211,2382.0,-3622.0,58075,3863,Bullish
2021-09-14,17554,11348,-2520.0,-4863.0,35667,6206,Bullish Reversal
2021-09-21,19703,11601,2149.0,253.0,36691,8102,Bullish
2021-09-28,18324,8078,-1379.0,-3523.0,33673,10246,Bullish Reversal
2021-10-05,17887,9831,-437.0,1753.0,35861,8056,Bearish
2021-10-12,20467,11719,2580.0,1888.0,37340,8748,Bullish
2021-10-19,21004,14564,537.0,2845.0,37730,6440,Bearish
2021-10-26,24490,15584,3486.0,1020.0,43061,8906,Bullish
2021-11-02,27504,13643,3014.0,-1941.0,45436,13861,Bullish
2021-11-09,25312,12430,-2192.0,-1213.0,43461,12882,Bearish Reversal
2021-11-16,26388,12423,1076.0,-7.0,42945,13965,Bullish Reversal
2021-11-23,27835,13896,1447.0,1473.0,44524,13939,Bearish
2021-11-30,30465,19835,2630.0,5939.0,49483,10630,Bearish
2021-12-07,31881,21173,1416.0,1338.0,55975,10708,Bullish
2021-12-14,13539,19400,-18342.0,-1773.0,41223,-5861,Bearish Reversal
2021-12-21,11050,17186,-2489.0,-2214.0,41354,-6136,Bearish
2021-12-28,11231,19652,181.0,2466.0,41862,-8421,Bearish
2022-01-04,9417,18262,-1814.0,-1390.0,40302,-8845,Bearish Reversal
2022-01-11,10960,19564,1543.0,1302.0,42066,-8604,Bullish
2022-01-18,11612,19943,652.0,379.0,44727,-8331,Bullish
2022-01-25,15948,26721,4336.0,6778.0,53316,-10773,Bearish
2022-02-01,19205,30903,3257.0,4182.0,58467,-11698,Bearish
2022-02-08,17168,27534,-2037.0,-3369.0,54877,-10366,Bullish Reversal
2022-02-15,24923,34256,7755.0,6722.0,64105,-9333,Bullish
2022-02-22,17343,28894,-7580.0,-5362.0,56636,-11551,Bearish Reversal
2022-03-01,10485,24657,-6858.0,-4237.0,50389,-14172,Bearish Reversal
2022-03-08,15775,28154,5290.0,3497.0,53250,-12379,Bullish
2022-03-15,21493,17840,5718.0,-10314.0,39200,3653,Bullish Reversal
2022-03-22,17156,14636,-4337.0,-3204.0,35256,2520,Bearish Reversal
2022-03-29,15504,16371,-1652.0,1735.0,34881,-867,Bearish Reversal
2022-04-05,15428,16997,-76.0,626.0,35788,-1569,Bearish
2022-04-12,16295,16584,867.0,-413.0,37585,-289,Bullish
2022-04-19,19081,18716,2786.0,2132.0,41098,365,Bullish
2022-04-26,22085,22019,3004.0,3303.0,46510,66,Bearish
2022-05-03,17427,24037,-4658.0,2018.0,50844,-6610,Bearish
2022-05-10,15203,28199,-2224.0,4162.0,56235,-12996,Bearish
2022-05-17,14998,32765,-205.0,4566.0,60804,-17767,Bearish
2022-05-24,10749,30070,-4249.0,-2695.0,59279,-19321,Bearish Reversal
2022-05-31,9179,27903,-1570.0,-2167.0,55134,-18724,Bullish Reversal
2022-06-07,12310,32081,3131.0,4178.0,63540,-19771,Bearish
2022-06-14,14894,21732,2584.0,-10349.0,45410,-6838,Bullish Reversal
2022-06-21,14652,20075,-242.0,-1657.0,42889,-5423,Bullish Reversal
2022-06-28,11720,17031,-2932.0,-3044.0,40337,-5311,Bullish Reversal
2022-07-05,13634,20690,1914.0,3659.0,45403,-7056,Bearish
2022-07-12,14926,20209,1292.0,-481.0,45837,-5283,Bullish
2022-07-19,15791,19462,865.0,-747.0,45467,-3671,Bullish Reversal
2022-07-26,17311,21497,1520.0,2035.0,46471,-4186,Bearish
2022-08-02,16521,18094,-790.0,-3403.0,45274,-1573,Bullish Reversal
2022-08-09,18224,18500,1703.0,406.0,45350,-276,Bullish
2022-08-16,18412,16643,188.0,-1857.0,41729,1769,Bullish Reversal
2022-08-23,16789,18263,-1623.0,1620.0,42311,-1474,Bearish
2022-08-30,16407,19531,-382.0,1268.0,44376,-3124,Bearish
2022-09-06,17165,19911,758.0,380.0,46796,-2746,Bullish
2022-09-13,17949,23250,784.0,3339.0,51079,-5301,Bearish
2022-09-20,11646,24235,-6303.0,985.0,47884,-12589,Bearish Reversal
2022-09-27,12287,23758,641.0,-477.0,45240,-11471,Bullish Reversal
2022-10-04,14966,28944,2679.0,5186.0,48487,-13978,Bearish
2022-10-11,11894,30936,-3072.0,1992.0,50557,-19042,Bearish
2022-10-18,10328,28773,-1566.0,-2163.0,50448,-18445,Bullish Reversal
2022-10-25,15639,28523,5311.0,-250.0,50620,-12884,Bullish
2022-11-01,21115,24962,5476.0,-3561.0,47219,-3847,Bullish Reversal
2022-11-08,18085,24452,-3030.0,-510.0,45808,-6367,Bearish Reversal
2022-11-15,15285,21913,-2800.0,-2539.0,42589,-6628,Bearish Reversal
2022-11-22,15536,19820,251.0,-2093.0,42589,-4284,No signal
2022-11-29,18855,23909,3319.0,4089.0,46180,-5054,Bearish
2022-12-06,16302,22800,-2553.0,-1109.0,42954,-6498,Bearish Reversal
2022-12-13,19700,27206,3398.0,4406.0,55294,-7506,Bearish
2022-12-20,13386,7052,-6314.0,-20154.0,29044,6334,Bullish Reversal
2022-12-27,15576,8669,2190.0,1617.0,33552,6907,Bullish
2023-01-03,13366,5886,-2210.0,-2783.0,29773,7480,Bullish Reversal
2023-01-10,12607,5257,-759.0,-629.0,27566,7350,Bearish Reversal
2023-01-17,11308,5250,-1299.0,-7.0,31579,6058,Bearish
2023-01-24,10170,7996,-1138.0,2746.0,32710,2174,Bearish
2023-01-31,15376,6990,5206.0,-1006.0,34587,8386,Bullish
2023-02-07,16181,5337,805.0,-1653.0,31410,10844,Bullish Reversal
2023-02-14,14185,5182,-1996.0,-155.0,29900,9003,Bearish Reversal
2023-02-21,15561,6773,1376.0,1591.0,29888,8788,Bearish Reversal
2023-02-28,21318,14208,5757.0,7435.0,40006,7110,Bearish
2023-03-07,22415,16788,1097.0,2580.0,48777,5627,Bearish
2023-03-14,12185,16926,-10230.0,138.0,35374,-4741,Bearish Reversal
2023-03-21,6765,15548,-5420.0,-1378.0,32179,-8783,Bearish Reversal
2023-03-28,9720,16330,2955.0,782.0,31981,-6610,Bullish Reversal
2023-04-04,14280,18311,4560.0,1981.0,36080,-4031,Bullish
2023-04-11,13097,17578,-1183.0,-733.0,35806,-4481,Bearish Reversal
2023-04-18,10876,14780,-2221.0,-2798.0,33377,-3904,Bullish Reversal
2023-04-25,13070,16322,2194.0,1542.0,36603,-3252,Bullish
2023-05-02,16027,17944,2957.0,1622.0,38910,-1917,Bullish
2023-05-09,17461,22042,1434.0,4098.0,41583,-4581,Bearish
2023-05-16,14610,16685,-2851.0,-5357.0,36187,-2075,Bullish Reversal
2023-05-23,16648,17011,2038.0,326.0,39011,-363,Bullish
2023-05-30,16081,16211,-567.0,-800.0,39507,-130,Bullish
2023-06-06,16109,16812,28.0,601.0,41665,-703,Bearish
2023-06-13,15943,16774,-166.0,-38.0,46496,-831,Bearish
2023-06-20,10867,13526,-5076.0,-3248.0,32401,-2659,Bearish Reversal
2023-06-27,13207,14038,2340.0,512.0,34362,-831,Bullish
2023-07-03,13170,12340,-37.0,-1698.0,34057,830,Bullish Reversal
2023-07-11,13297,14548,127.0,2208.0,34947,-1251,Bearish
2023-07-18,13193,16819,-104.0,2271.0,39402,-3626,Bearish
2023-07-25,12933,13882,-260.0,-2937.0,36820,-949,Bullish Reversal
2023-08-01,15551,13965,2618.0,83.0,36091,1586,Bullish Reversal
2023-08-08,18758,19126,3207.0,5161.0,40986,-368,Bearish
2023-08-15,21910,24346,3152.0,5220.0,46781,-2436,Bearish
2023-08-22,21478,27991,-432.0,3645.0,51035,-6513,Bearish
2023-08-29,20554,30930,-924.0,2939.0,56617,-10376,Bearish
2023-09-05,16847,30847,-3707.0,-83.0,56462,-14000,Bearish Reversal
2023-09-12,14797,29417,-2050.0,-1430.0,67487,-14620,Bearish
2023-09-19,7618,28890,-7179.0,-527.0,52588,-21272,Bearish Reversal
2023-09-26,10632,25813,3014.0,-3077.0,50757,-15181,Bullish Reversal
2023-10-03,15895,23545,5263.0,-2268.0,52291,-7650,Bullish
2023-10-10,18672,22761,2777.0,-784.0,54694,-4089,Bullish
2023-10-17,16008,21907,-2664.0,-854.0,54135,-5899,Bearish Reversal
2023-10-24,13448,26299,-2560.0,4392.0,57243,-12851,Bearish
2023-10-31,14332,27149,884.0,850.0,57676,-12817,Bullish
2023-11-07,9399,24339,-4933.0,-2810.0,51001,-14940,Bearish Reversal
2023-11-14,8818,25852,-581.0,1513.0,49906,-17034,Bearish Reversal
2023-11-21,7958,24812,-860.0,-1040.0,48137,-16854,Bullish Reversal
2023-11-28,10104,29713,2146.0,4901.0,51460,-19609,Bearish
2023-12-05,11796,28246,1692.0,-1467.0,54732,-16450,Bullish
2023-12-12,13273,26761,1477.0,-1485.0,58308,-13488,Bullish
2023-12-19,14562,17954,1289.0,-8807.0,33652,-3392,Bullish Reversal
2023-12-26,14582,18249,20.0,295.0,34911,-3667,Bearish
2024-01-02,18043,18589,3461.0,340.0,39215,-546,Bullish
2024-01-09,16221,17988,-1822.0,-601.0,38539,-1767,Bearish Reversal
2024-01-16,14592,17474,-1629.0,-514.0,38466,-2882,Bearish Reversal
2024-01-23,13783,15526,-809.0,-1948.0,36633,-1743,Bullish Reversal
2024-01-30,14114,15154,331.0,-372.0,36979,-1040,Bullish
2024-02-06,16128,15298,2014.0,144.0,39305,830,Bullish
2024-02-13,19632,16225,3504.0,927.0,41827,3407,Bullish
2024-02-20,19758,13132,126.0,-3093.0,40950,6626,Bullish Reversal
2024-02-27,23942,13885,4184.0,753.0,48463,10057,Bullish
2024-03-05,21899,14671,-2043.0,786.0,50123,7228,Bearish
2024-03-12,16391,13926,-5508.0,-745.0,52711,2465,Bearish
2024-03-19,19064,19253,2673.0,5327.0,50301,-189,Bearish Reversal
2024-03-26,14680,20704,-4384.0,1451.0,53416,-6024,Bearish
2024-04-02,19725,27253,5045.0,6549.0,61732,-7528,Bearish
2024-04-09,13726,27273,-5999.0,20.0,56260,-13547,Bearish Reversal
2024-04-16,18019,29745,4293.0,2472.0,62857,-11726,Bullish
2024-04-23,18254,30301,235.0,556.0,58570,-12047,Bearish Reversal
2024-04-30,21514,30065,3260.0,-236.0,58811,-8551,Bullish
2024-05-07,19060,30251,-2454.0,186.0,55822,-11191,Bearish Reversal
2024-05-14,19284,30484,224.0,233.0,55640,-11200,Bearish Reversal
2024-05-21,22599,23969,3315.0,-6515.0,49105,-1370,Bullish Reversal
2024-05-28,26916,24870,4317.0,901.0,57525,2046,Bullish
2024-06-04,29791,22586,2875.0,-2284.0,54758,7205,Bullish Reversal
2024-06-11,33376,22398,3585.0,-188.0,65785,10978,Bullish
2024-06-18,39430,19101,6054.0,-3297.0,58436,20329,Bullish Reversal
2024-06-25,43711,17069,4281.0,-2032.0,60495,26642,Bullish
2024-07-02,45185,14442,1474.0,-2627.0,62491,30743,Bullish
2024-07-09,41683,15771,-3502.0,1329.0,59513,25912,Bearish Reversal
2024-07-16,34473,21912,-7210.0,6141.0,60953,12561,Bearish
2024-07-23,30207,25693,-4266.0,3781.0,63589,4514,Bearish
2024-07-30,27299,38707,-2908.0,13014.0,76323,-11408,Bearish
2024-08-06,19843,36594,-7456.0,-2113.0,74141,-16751,Bearish Reversal
2024-08-13,17050,32674,-2793.0,-3920.0,66596,-15624,Bullish Reversal
2024-08-20,18887,32656,1837.0,-18.0,66846,-13769,Bullish
2024-08-27,20648,28964,1761.0,-3692.0,65108,-8316,Bullish Reversal
2024-09-03,25235,25473,4587.0,-3491.0,63566,-238,Bullish Reversal
2024-09-10,21394,24709,-3841.0,-764.0,63720,-3315,Bearish
2024-09-17,20758,22648,-636.0,-2061.0,49301,-1890,Bullish Reversal
2024-09-24,26475,27933,5717.0,5285.0,55135,-1458,Bullish
2024-10-01,29168,27198,2693.0,-735.0,61226,1970,Bullish
2024-10-08,26287,25006,-2881.0,-2192.0,57037,1281,Bearish Reversal
2024-10-15,25079,25371,-1208.0,365.0,54894,-292,Bearish Reversal
2024-10-22,25821,26144,742.0,773.0,55605,-323,Bearish
2024-10-29,26077,28244,256.0,2100.0,58020,-2167,Bearish
2024-11-05,21855,30054,-4222.0,1810.0,59800,-8199,Bearish
2024-11-12,22871,34531,1016.0,4477.0,64216,-11660,Bearish
2024-11-19,21762,40200,-1109.0,5669.0,72846,-18438,Bearish
2024-11-26,21408,45789,-354.0,5589.0,79001,-24381,Bearish
2024-12-03,21213,44521,-195.0,-1268.0,80220,-23308,Bullish
2024-12-10,19605,47812,-1608.0,3291.0,98096,-28207,Bearish
2024-12-17,9370,51877,-10235.0,4065.0,80998,-42507,Bearish Reversal
2024-12-24,10244,56261,874.0,4384.0,84775,-46017,Bearish
2024-12-31,12766,61081,2522.0,4820.0,88125,-48315,Bearish
2025-01-07,10439,65063,-2327.0,3982.0,92127,-54624,Bearish
2025-01-14,10921,63010,482.0,-2053.0,92053,-52089,Bullish Reversal
2025-01-21,8938,60161,-1983.0,-2849.0,90600,-51223,Bullish Reversal
2025-01-28,7898,54929,-1040.0,-5232.0,83969,-47031,Bullish Reversal
2025-02-04,8327,57417,429.0,2488.0,83998,-49090,Bearish
2025-02-11,11218,60554,2891.0,3137.0,87118,-49336,Bearish
2025-02-18,13048,65211,1830.0,4657.0,89366,-52163,Bearish
2025-02-25,13628,67337,580.0,2126.0,90322,-53709,Bearish
2025-03-04,17843,73608,4215.0,6271.0,99433,-55765,Bearish
2025-03-11,16282,69213,-1561.0,-4395.0,117627,-52931,Bullish
2025-03-18,15954,56398,-328.0,-12815.0,84543,-40444,Bullish Reversal
2025-03-25,13435,55002,-2519.0,-1396.0,82270,-41567,Bearish Reversal
2025-04-01,11164,56212,-2271.0,1210.0,81797,-45048,Bearish Reversal
2025-04-08,7935,47087,-3229.0,-9125.0,72109,-39152,Bullish Reversal
2025-04-15,8761,41839,826.0,-5248.0,66702,-33078,Bullish Reversal
2025-04-22,9897,36792,1136.0,-5047.0,62689,-26895,Bullish Reversal
2025-04-29,12170,33693,2273.0,-3099.0,63075,-21523,Bullish
2025-05-06,10188,33323,-1982.0,-370.0,60509,-23135,Bearish Reversal
2025-05-13,10207,32819,19.0,-504.0,60757,-22612,Bullish
2025-05-20,9981,33633,-226.0,814.0,61056,-23652,Bearish
2025-05-27,9093,33479,-888.0,-154.0,59262,-24386,Bearish Reversal
2025-06-03,9531,33205,438.0,-274.0,67925,-23674,Bullish
2025-06-10,9312,30547,-219.0,-2658.0,78867,-21235,Bullish
2025-06-17,14571,15844,5259.0,-14703.0,47833,-1273,Bullish Reversal
2025-06-24,18619,15849,4048.0,5.0,44217,2770,Bullish Reversal
2025-07-01,18315,14165,-304.0,-1684.0,42303,4150,Bullish Reversal
2025-07-08,18984,14063,669.0,-102.0,43037,4921,Bullish
2025-07-15,16623,12988,-2361.0,-1075.0,41959,3635,Bearish Reversal
2025-07-22,11955,15117,-4668.0,2129.0,44100,-3162,Bearish
2025-07-29,13080,15171,1125.0,54.0,46587,-2091,Bullish
2025-08-05,11085,15918,-1995.0,747.0,48090,-4833,Bearish
2025-08-12,11160,15847,75.0,-71.0,48240,-4687,Bullish
2025-08-19,12986,17056,1826.0,1209.0,47495,-4070,Bullish Reversal
2025-08-26,17143,23248,4157.0,6192.0,53094,-6105,Bearish
2025-09-02,17462,23936,319.0,688.0,55035,-6474,Bearish
2025-09-09,15479,24222,-1983.0,286.0,71602,-8743,Bearish
2025-09-16,9251,27255,-6228.0,3033.0,49146,-18004,Bearish Reversal
2025-09-23,12295,33415,3044.0,6160.0,56346,-21120,Bearish
2025-09-30,23582,44207,11287.0,10792.0,68651,-20625,Bullish
2025-10-07,22866,47289,-716.0,3082.0,72345,-24423,Bearish
2025-10-14,25599,55340,2733.0,8051.0,82509,-29741,Bearish
2025-10-21,25478,61753,-121.0,6413.0,89666,-36275,Bearish
2025-10-28,24330,59296,-1148.0,-2457.0,88049,-34966,Bullish Reversal
2025-11-04,25314,62726,984.0,3430.0,91568,-37412,Bearish
2025-11-10,28677,72746,3363.0,10020.0,102883,-44069,Bearish
2025-11-18,24211,73468,-4466.0,722.0,103502,-49257,Bearish
2025-11-25,23477,75548,-734.0,2080.0,107180,-52071,Bearish
2025-12-02,18394,71510,-5083.0,-4038.0,104251,-53116,Bearish Reversal
2025-12-09,14333,71114,-4061.0,-396.0,114432,-56781,Bearish
2025-12-16,8129,56172,-6204.0,-14942.0,103974,-48043,Bullish Reversal
2025-12-23,9596,53630,1467.0,-2542.0,82159,-44034,Bullish Reversal
2025-12-30,8706,51960,-890.0,-1670.0,79352,-43254,Bullish Reversal
2026-01-06,12971,56334,4265.0,4374.0,84556,-43363,Bearish
2026-01-13,9613,58464,-3358.0,2130.0,85211,-48851,Bearish
2026-01-20,13670,63280,4057.0,4816.0,92661,-49610,Bearish
2026-01-27,12074,59819,-1596.0,-3461.0,85552,-47745,Bullish Reversal
2026-02-03,11883,46177,-191.0,-13642.0,71304,-34294,Bullish Reversal
2026-02-10,11801,46720,-82.0,543.0,71848,-34919,Bearish
2026-02-17,11183,46196,-618.0,-524.0,73004,-35013,Bearish
2026-02-24,13839,43406,2656.0,-2790.0,71503,-29567,Bullish Reversal
2026-03-03,13176,47510,-663.0,4104.0,79462,-34334,Bearish
2026-03-10,10944,48055,-2232.0,545.0,84215,-37111,Bearish
2026-03-17,10998,34055,54.0,-14000.0,64084,-23057,Bullish Reversal
2026-03-24,10847,37853,-151.0,3798.0,65011,-27006,Bearish
2026-03-31,10663,39251,-184.0,1398.0,70805,-28588,Bearish
2026-04-07,12636,48711,1973.0,9460.0,76952,-36075,Bearish
2026-04-14,10112,52388,-2524.0,3677.0,80727,-42276,Bearish
2026-04-21,7917,56371,-2195.0,3983.0,82508,-48454,Bearish
2026-04-28,9044,55366,1127.0,-1005.0,83529,-46322,Bullish
2026-05-05,9063,57314,19.0,1948.0,85340,-48251,Bearish
2026-05-12,11846,50996,2783.0,-6318.0,86227,-39150,Bullish
2026-05-19,12319,52932,473.0,1936.0,92545,-40613,Bearish
2026-05-26,11721,45900,-598.0,-7032.0,91414,-34179,Bullish Reversal
2026-06-02,8460,36706,-3261.0,-9194.0,136648,-28246,Bullish
2026-06-09,11764,43335,3304.0,6629.0,149185,-31571,Bearish
2026-06-16,9266,54427,-2498.0,11092.0,135171,-45161,Bearish Reversal
2026-06-23,12114,66958,2848.0,12531.0,103297,-54844,Bearish Reversal
2026-06-30,11581,74861,-533.0,7903.0,110331,-63280,Bearish
2026-07-07,10919,76108,-662.0,1247.0,113535,-65189,Bearish
2026-07-14,8936,71702,-1983.0,-4406.0,118190,-62766,Bullish
2026-07-21,8489,58458,-447.0,-13244.0,108800,-49969,Bullish Reversal
2026-07-28,6841,54509,-1648.0,-3949.0,105128,-47668,Bullish Reversal
2026-08-04,5577,46780,-1264.0,-7729.0,101908,-41203,Bullish Reversal
2026-08-11,4949,44535,-628.0,-2245.0,96840,-39586,Bullish Reversal
2026-08-18,6344,38964,1395.0,-5571.0,89153,-32620,Bullish Reversal
2026-08-25,9545,23784,3201.0,-15180.0,88964,-14239,Bullish Reversal
2026-09-01,11300,19321,1755.0,-4463.0,107274,-8021,Bullish
2026-09-08,26110,19878,14810.0,557.0,125978,6232,Bullish
2026-09-15,32859,22341,6749.0,2463.0,135122,10518,Bullish
2026-09-22,21571,32951,-11288.0,10610.0,101377,-11380,Bearish Reversal
2026-09-29,23338,40653,1767.0,7702.0,114777,-17315,Bearish
