Market and Exchange Names,As of Date in Form YYYY-MM-DD,Noncommercial Positions-Long (All),Noncommercial Positions-Short (All),Change in Noncommercial-Long (All),Change in Noncommercial-Short (All),Open Interest (All),Change in Open Interest (All),Net Positions,Change Net Positions
"CRUDE OIL, LIGHT SWEET-WTI - ICE FUTURES EUROPE",2014-04-01,93530,34282,6191.0,-5725.0,543068,5507.0,59248,
"CRUDE OIL, LIGHT SWEET-WTI - ICE FUTURES EUROPE",2014-04-08,95603,37049,2073.0,2767.0,549455,6387.0,58554,-694.0
"CRUDE OIL, LIGHT SWEET-WTI - ICE FUTURES EUROPE",2014-04-15,86831,41547,-8772.0,4498.0,549504,49.0,45284,-13270.0
"CRUDE OIL, LIGHT SWEET-WTI - ICE FUTURES EUROPE",2014-04-22,81041,42059,-5790.0,512.0,524685,-24819.0,38982,-6302.0
"CRUDE OIL, LIGHT SWEET-WTI - ICE FUTURES EUROPE",2014-04-29,86012,38309,4971.0,-3750.0,509038,-15647.0,47703,8721.0
"CRUDE OIL, LIGHT SWEET-WTI - ICE FUTURES EUROPE",2014-05-06,81601,39255,-4411.0,946.0,511969,2931.0,42346,-5357.0
"CRUDE OIL, LIGHT SWEET-WTI - ICE FUTURES EUROPE",2014-05-13,81033,32105,-568.0,-7150.0,499211,-12758.0,48928,6582.0
"CRUDE OIL, LIGHT SWEET-WTI - ICE FUTURES EUROPE",2014-05-20,76121,24793,-4912.0,-7312.0,480308,-18903.0,51328,2400.0
"CRUDE OIL, LIGHT SWEET-WTI - ICE FUTURES EUROPE",2014-05-27,85739,21764,9618.0,-3029.0,497822,17514.0,63975,12647.0
"CRUDE OIL, LIGHT SWEET-WTI - ICE FUTURES EUROPE",2014-06-03,84566,23081,-1173.0,1317.0,514491,16669.0,61485,-2490.0
"CRUDE OIL, LIGHT SWEET-WTI - ICE FUTURES EUROPE",2014-06-10,93771,23775,9205.0,694.0,508573,-5918.0,69996,8511.0
"CRUDE OIL, LIGHT SWEET-WTI - ICE FUTURES EUROPE",2014-06-17,86526,33849,-7245.0,10074.0,529183,20610.0,52677,-17319.0
"CRUDE OIL, LIGHT SWEET-WTI - ICE FUTURES EUROPE",2014-06-24,83530,39382,-2996.0,5533.0,497866,-31317.0,44148,-8529.0
"CRUDE OIL, LIGHT SWEET-WTI - ICE FUTURES EUROPE",2014-07-01,91392,41759,7862.0,2377.0,516998,19132.0,49633,5485.0
"CRUDE OIL, LIGHT SWEET-WTI - ICE FUTURES EUROPE",2014-07-08,93371,35667,1979.0,-6092.0,497378,-19620.0,57704,8071.0
"CRUDE OIL, LIGHT SWEET-WTI - ICE FUTURES EUROPE",2014-07-15,86920,44797,-6451.0,9130.0,512118,14740.0,42123,-15581.0
"CRUDE OIL, LIGHT SWEET-WTI - ICE FUTURES EUROPE",2014-07-22,110950,25980,24030.0,-18817.0,487414,-24704.0,84970,42847.0
"CRUDE OIL, LIGHT SWEET-WTI - ICE FUTURES EUROPE",2014-07-29,102054,30836,-8896.0,4856.0,490037,2623.0,71218,-13752.0
"CRUDE OIL, LIGHT SWEET-WTI - ICE FUTURES EUROPE",2014-08-05,93752,24382,-8302.0,-6454.0,474288,-15749.0,69370,-1848.0
"CRUDE OIL, LIGHT SWEET-WTI - ICE FUTURES EUROPE",2014-08-12,93193,28875,-559.0,4493.0,491814,17526.0,64318,-5052.0
"CRUDE OIL, LIGHT SWEET-WTI - ICE FUTURES EUROPE",2014-08-19,83307,38486,-9886.0,9611.0,467630,-24184.0,44821,-19497.0
"CRUDE OIL, LIGHT SWEET-WTI - ICE FUTURES EUROPE",2014-08-26,79381,36711,-3926.0,-1775.0,453578,-14052.0,42670,-2151.0
"CRUDE OIL, LIGHT SWEET-WTI - ICE FUTURES EUROPE",2014-09-02,80552,34467,1171.0,-2244.0,459909,6331.0,46085,3415.0
"CRUDE OIL, LIGHT SWEET-WTI - ICE FUTURES EUROPE",2014-09-09,86779,29203,6227.0,-5264.0,464057,4148.0,57576,11491.0
"CRUDE OIL, LIGHT SWEET-WTI - ICE FUTURES EUROPE",2014-09-16,95308,28290,8529.0,-913.0,465780,1723.0,67018,9442.0
"CRUDE OIL, LIGHT SWEET-WTI - ICE FUTURES EUROPE",2014-09-23,85657,32876,-9651.0,4586.0,453155,-12625.0,52781,-14237.0
"CRUDE OIL, LIGHT SWEET-WTI - ICE FUTURES EUROPE",2014-09-30,90203,35744,4546.0,2868.0,466475,13320.0,54459,1678.0
"CRUDE OIL, LIGHT SWEET-WTI - ICE FUTURES EUROPE",2014-10-07,83018,38973,-7185.0,3229.0,483303,16828.0,44045,-10414.0
"CRUDE OIL, LIGHT SWEET-WTI - ICE FUTURES EUROPE",2014-10-14,79607,41299,-3411.0,2326.0,496366,13063.0,38308,-5737.0
"CRUDE OIL, LIGHT SWEET-WTI - ICE FUTURES EUROPE",2014-10-21,77393,40708,-2214.0,-591.0,468448,-27918.0,36685,-1623.0
"CRUDE OIL, LIGHT SWEET-WTI - ICE FUTURES EUROPE",2014-10-28,77092,43728,-301.0,3020.0,470725,2277.0,33364,-3321.0
"CRUDE OIL, LIGHT SWEET-WTI - ICE FUTURES EUROPE",2014-11-04,76308,47310,-784.0,3582.0,469201,-1524.0,28998,-4366.0
"CRUDE OIL, LIGHT SWEET-WTI - ICE FUTURES EUROPE",2014-11-11,80901,50326,4593.0,3016.0,473957,4756.0,30575,1577.0
"CRUDE OIL, LIGHT SWEET-WTI - ICE FUTURES EUROPE",2014-11-18,79096,48562,-1805.0,-1764.0,430298,-43659.0,30534,-41.0
"CRUDE OIL, LIGHT SWEET-WTI - ICE FUTURES EUROPE",2014-11-25,80299,38959,1203.0,-9603.0,385614,-44684.0,41340,10806.0
"CRUDE OIL, LIGHT SWEET-WTI - ICE FUTURES EUROPE",2014-12-02,75799,47496,-4500.0,8537.0,413586,27972.0,28303,-13037.0
"CRUDE OIL, LIGHT SWEET-WTI - ICE FUTURES EUROPE",2014-12-09,66844,47115,-8955.0,-381.0,424417,10831.0,19729,-8574.0
"CRUDE OIL, LIGHT SWEET-WTI - ICE FUTURES EUROPE",2014-12-16,80280,55680,13436.0,8565.0,448640,24223.0,24600,4871.0
"CRUDE OIL, LIGHT SWEET-WTI - ICE FUTURES EUROPE",2014-12-23,59124,44773,-21156.0,-10907.0,417468,-31172.0,14351,-10249.0
"CRUDE OIL, LIGHT SWEET-WTI - ICE FUTURES EUROPE",2014-12-30,65745,45415,6621.0,642.0,421510,4042.0,20330,5979.0
"CRUDE OIL, LIGHT SWEET-WTI - ICE FUTURES EUROPE",2015-01-06,74555,41586,8810.0,-3829.0,427442,5932.0,32969,12639.0
"CRUDE OIL, LIGHT SWEET-WTI - ICE FUTURES EUROPE",2015-01-13,87163,37386,12608.0,-4200.0,443737,16295.0,49777,16808.0
"CRUDE OIL, LIGHT SWEET-WTI - ICE FUTURES EUROPE",2015-01-20,84837,41071,-2326.0,3685.0,427497,-16240.0,43766,-6011.0
"CRUDE OIL, LIGHT SWEET-WTI - ICE FUTURES EUROPE",2015-01-27,83091,41296,-1746.0,225.0,447696,20199.0,41795,-1971.0
"CRUDE OIL, LIGHT SWEET-WTI - ICE FUTURES EUROPE",2015-02-03,75230,48108,-7861.0,6812.0,463629,15933.0,27122,-14673.0
"CRUDE OIL, LIGHT SWEET-WTI - ICE FUTURES EUROPE",2015-02-10,77956,51804,2726.0,3696.0,463537,-92.0,26152,-970.0
"CRUDE OIL, LIGHT SWEET-WTI - ICE FUTURES EUROPE",2015-02-17,78542,41839,586.0,-9965.0,452875,-10662.0,36703,10551.0
"CRUDE OIL, LIGHT SWEET-WTI - ICE FUTURES EUROPE",2015-02-24,85984,47805,7442.0,5966.0,450309,-2566.0,38179,1476.0
"CRUDE OIL, LIGHT SWEET-WTI - ICE FUTURES EUROPE",2015-03-03,78813,63958,-7171.0,16153.0,442380,-7929.0,14855,-23324.0
"CRUDE OIL, LIGHT SWEET-WTI - ICE FUTURES EUROPE",2015-03-10,75178,50169,-3635.0,-13789.0,438487,-3893.0,25009,10154.0
"CRUDE OIL, LIGHT SWEET-WTI - ICE FUTURES EUROPE",2015-03-17,73689,45669,-1489.0,-4500.0,451325,12838.0,28020,3011.0
"CRUDE OIL, LIGHT SWEET-WTI - ICE FUTURES EUROPE",2015-03-24,76237,42101,2548.0,-3568.0,431878,-19447.0,34136,6116.0
"CRUDE OIL, LIGHT SWEET-WTI - ICE FUTURES EUROPE",2015-03-31,79393,54627,3156.0,12526.0,442038,10160.0,24766,-9370.0
"CRUDE OIL, LIGHT SWEET-WTI - ICE FUTURES EUROPE",2015-04-07,90702,54966,11309.0,339.0,461000,18962.0,35736,10970.0
"CRUDE OIL, LIGHT SWEET-WTI - ICE FUTURES EUROPE",2015-04-14,87604,58932,-3098.0,3966.0,464131,3131.0,28672,-7064.0
"CRUDE OIL, LIGHT SWEET-WTI - ICE FUTURES EUROPE",2015-04-21,85316,50607,-2288.0,-8325.0,440752,-23379.0,34709,6037.0
"CRUDE OIL, LIGHT SWEET-WTI - ICE FUTURES EUROPE",2015-04-28,78340,49584,-6976.0,-1023.0,442784,2032.0,28756,-5953.0
"CRUDE OIL, LIGHT SWEET-WTI - ICE FUTURES EUROPE",2015-05-05,78718,56360,378.0,6776.0,449202,6418.0,22358,-6398.0
"CRUDE OIL, LIGHT SWEET-WTI - ICE FUTURES EUROPE",2015-05-12,74254,56660,-4464.0,300.0,428478,-20724.0,17594,-4764.0
"CRUDE OIL, LIGHT SWEET-WTI - ICE FUTURES EUROPE",2015-05-19,73440,50105,-814.0,-6555.0,393254,-35224.0,23335,5741.0
"CRUDE OIL, LIGHT SWEET-WTI - ICE FUTURES EUROPE",2015-05-26,73598,45842,158.0,-4263.0,398631,5377.0,27756,4421.0
"CRUDE OIL, LIGHT SWEET-WTI - ICE FUTURES EUROPE",2015-06-02,73623,38770,25.0,-7072.0,411958,13327.0,34853,7097.0
"CRUDE OIL, LIGHT SWEET-WTI - ICE FUTURES EUROPE",2015-06-09,65297,35501,-8326.0,-3269.0,419373,7415.0,29796,-5057.0
"CRUDE OIL, LIGHT SWEET-WTI - ICE FUTURES EUROPE",2015-06-16,68307,34721,3010.0,-780.0,426060,6687.0,33586,3790.0
"CRUDE OIL, LIGHT SWEET-WTI - ICE FUTURES EUROPE",2015-06-23,62685,42261,-5622.0,7540.0,386329,-39731.0,20424,-13162.0
"CRUDE OIL, LIGHT SWEET-WTI - ICE FUTURES EUROPE",2015-06-30,58946,48717,-3739.0,6456.0,390114,3785.0,10229,-10195.0
"CRUDE OIL, LIGHT SWEET-WTI - ICE FUTURES EUROPE",2015-07-07,57314,38939,-1632.0,-9778.0,388690,-1424.0,18375,8146.0
"CRUDE OIL, LIGHT SWEET-WTI - ICE FUTURES EUROPE",2015-07-14,60649,45630,3335.0,6691.0,408425,19735.0,15019,-3356.0
"CRUDE OIL, LIGHT SWEET-WTI - ICE FUTURES EUROPE",2015-07-21,59333,48399,-1316.0,2769.0,374521,-33904.0,10934,-4085.0
"CRUDE OIL, LIGHT SWEET-WTI - ICE FUTURES EUROPE",2015-07-28,69909,54188,10576.0,5789.0,394042,19521.0,15721,4787.0
"CRUDE OIL, LIGHT SWEET-WTI - ICE FUTURES EUROPE",2015-08-04,78944,47913,9035.0,-6275.0,430345,36303.0,31031,15310.0
"CRUDE OIL, LIGHT SWEET-WTI - ICE FUTURES EUROPE",2015-08-11,93592,53077,14648.0,5164.0,419345,-11000.0,40515,9484.0
"CRUDE OIL, LIGHT SWEET-WTI - ICE FUTURES EUROPE",2015-08-18,92337,52753,-1255.0,-324.0,407926,-11419.0,39584,-931.0
"CRUDE OIL, LIGHT SWEET-WTI - ICE FUTURES EUROPE",2015-08-25,88575,62210,-3762.0,9457.0,402307,-5619.0,26365,-13219.0
"CRUDE OIL, LIGHT SWEET-WTI - ICE FUTURES EUROPE",2015-09-01,91188,57408,2613.0,-4802.0,400578,-1729.0,33780,7415.0
"CRUDE OIL, LIGHT SWEET-WTI - ICE FUTURES EUROPE",2015-09-08,104547,54630,13359.0,-2778.0,403955,3377.0,49917,16137.0
"CRUDE OIL, LIGHT SWEET-WTI - ICE FUTURES EUROPE",2015-09-15,106201,60008,1654.0,5378.0,413482,9527.0,46193,-3724.0
"CRUDE OIL, LIGHT SWEET-WTI - ICE FUTURES EUROPE",2015-09-22,97125,60701,-9076.0,693.0,389257,-24225.0,36424,-9769.0
"CRUDE OIL, LIGHT SWEET-WTI - ICE FUTURES EUROPE",2015-09-29,89439,57958,-7686.0,-2743.0,374673,-14584.0,31481,-4943.0
"CRUDE OIL, LIGHT SWEET-WTI - ICE FUTURES EUROPE",2015-10-06,85836,58257,-3603.0,299.0,388924,14251.0,27579,-3902.0
"CRUDE OIL, LIGHT SWEET-WTI - ICE FUTURES EUROPE",2015-10-13,93352,60484,7516.0,2227.0,394096,5172.0,32868,5289.0
"CRUDE OIL, LIGHT SWEET-WTI - ICE FUTURES EUROPE",2015-10-20,85679,66974,-7673.0,6490.0,374365,-19731.0,18705,-14163.0
"CRUDE OIL, LIGHT SWEET-WTI - ICE FUTURES EUROPE",2015-10-27,81718,78558,-3961.0,11584.0,403440,29075.0,3160,-15545.0
"CRUDE OIL, LIGHT SWEET-WTI - ICE FUTURES EUROPE",2015-11-03,89342,72386,7624.0,-6172.0,419126,15686.0,16956,13796.0
"CRUDE OIL, LIGHT SWEET-WTI - ICE FUTURES EUROPE",2015-11-10,84431,73829,-4911.0,1443.0,420473,1347.0,10602,-6354.0
"CRUDE OIL, LIGHT SWEET-WTI - ICE FUTURES EUROPE",2015-11-17,95725,63397,11294.0,-10432.0,424050,3577.0,32328,21726.0
"CRUDE OIL, LIGHT SWEET-WTI - ICE FUTURES EUROPE",2015-11-24,79256,72536,-16469.0,9139.0,380691,-43359.0,6720,-25608.0
"CRUDE OIL, LIGHT SWEET-WTI - ICE FUTURES EUROPE",2015-12-01,86553,77267,7297.0,4731.0,391436,10745.0,9286,2566.0
"CRUDE OIL, LIGHT SWEET-WTI - ICE FUTURES EUROPE",2015-12-08,89661,80275,3108.0,3008.0,397054,5618.0,9386,100.0
"CRUDE OIL, LIGHT SWEET-WTI - ICE FUTURES EUROPE",2015-12-15,78743,72982,-10918.0,-7293.0,398192,1138.0,5761,-3625.0
"CRUDE OIL, LIGHT SWEET-WTI - ICE FUTURES EUROPE",2015-12-22,79685,70491,942.0,-2491.0,397275,-917.0,9194,3433.0
"CRUDE OIL, LIGHT SWEET-WTI - ICE FUTURES EUROPE",2015-12-29,81759,70641,2074.0,150.0,401425,4150.0,11118,1924.0
"CRUDE OIL, LIGHT SWEET-WTI - ICE FUTURES EUROPE",2016-01-05,86420,74347,4661.0,3706.0,409836,8411.0,12073,955.0
"CRUDE OIL, LIGHT SWEET-WTI - ICE FUTURES EUROPE",2016-01-12,94830,82392,8410.0,8045.0,420068,10232.0,12438,365.0
"CRUDE OIL, LIGHT SWEET-WTI - ICE FUTURES EUROPE",2016-01-19,91475,77397,-3355.0,-4995.0,434554,14486.0,14078,1640.0
"CRUDE OIL, LIGHT SWEET-WTI - ICE FUTURES EUROPE",2016-01-26,92048,86833,573.0,9436.0,442865,8311.0,5215,-8863.0
"CRUDE OIL, LIGHT SWEET-WTI - ICE FUTURES EUROPE",2016-02-02,83069,88390,-8979.0,1557.0,462240,19375.0,-5321,-10536.0
"CRUDE OIL, LIGHT SWEET-WTI - ICE FUTURES EUROPE",2016-02-09,104304,88455,21235.0,65.0,464472,2232.0,15849,21170.0
"CRUDE OIL, LIGHT SWEET-WTI - ICE FUTURES EUROPE",2016-02-16,85764,91937,-18540.0,3482.0,468611,4139.0,-6173,-22022.0
"CRUDE OIL, LIGHT SWEET-WTI - ICE FUTURES EUROPE",2016-02-23,90572,89680,4808.0,-2257.0,453832,-14779.0,892,7065.0
"CRUDE OIL, LIGHT SWEET-WTI - ICE FUTURES EUROPE",2016-03-01,88501,83011,-2071.0,-6669.0,439430,-14402.0,5490,4598.0
"CRUDE OIL, LIGHT SWEET-WTI - ICE FUTURES EUROPE",2016-03-08,77267,87343,-11234.0,4332.0,447292,7862.0,-10076,-15566.0
"CRUDE OIL, LIGHT SWEET-WTI - ICE FUTURES EUROPE",2016-03-15,78096,80590,829.0,-6753.0,443509,-3783.0,-2494,7582.0
"CRUDE OIL, LIGHT SWEET-WTI - ICE FUTURES EUROPE",2016-03-22,68138,67459,-9958.0,-13131.0,443786,277.0,679,3173.0
"CRUDE OIL, LIGHT SWEET-WTI - ICE FUTURES EUROPE",2016-03-29,66276,69748,-1862.0,2289.0,452875,9089.0,-3472,-4151.0
"CRUDE OIL, LIGHT SWEET-WTI - ICE FUTURES EUROPE",2016-04-05,69041,65867,2765.0,-3881.0,451663,-1212.0,3174,6646.0
"CRUDE OIL, LIGHT SWEET-WTI - ICE FUTURES EUROPE",2016-04-12,69401,65001,360.0,-866.0,459233,7570.0,4400,1226.0
"CRUDE OIL, LIGHT SWEET-WTI - ICE FUTURES EUROPE",2016-04-19,60055,67926,-9346.0,2925.0,428936,-30297.0,-7871,-12271.0
"CRUDE OIL, LIGHT SWEET-WTI - ICE FUTURES EUROPE",2016-04-26,60378,64794,323.0,-3132.0,421442,-7494.0,-4416,3455.0
"CRUDE OIL, LIGHT SWEET-WTI - ICE FUTURES EUROPE",2016-05-03,61225,60843,847.0,-3951.0,445329,23887.0,382,4798.0
"CRUDE OIL, LIGHT SWEET-WTI - ICE FUTURES EUROPE",2016-05-10,64708,61694,3483.0,851.0,440219,-5110.0,3014,2632.0
"CRUDE OIL, LIGHT SWEET-WTI - ICE FUTURES EUROPE",2016-05-17,61306,58895,-3402.0,-2799.0,438123,-2096.0,2411,-603.0
"CRUDE OIL, LIGHT SWEET-WTI - ICE FUTURES EUROPE",2016-05-24,64215,47217,2909.0,-11678.0,411974,-26149.0,16998,14587.0
"CRUDE OIL, LIGHT SWEET-WTI - ICE FUTURES EUROPE",2016-05-31,64295,47980,80.0,763.0,416774,4800.0,16315,-683.0
"CRUDE OIL, LIGHT SWEET-WTI - ICE FUTURES EUROPE",2016-06-07,58991,54245,-5304.0,6265.0,416170,-604.0,4746,-11569.0
"CRUDE OIL, LIGHT SWEET-WTI - ICE FUTURES EUROPE",2016-06-14,57328,55966,-1663.0,1721.0,427991,11821.0,1362,-3384.0
"CRUDE OIL, LIGHT SWEET-WTI - ICE FUTURES EUROPE",2016-06-21,53898,49342,-3430.0,-6624.0,415507,-12484.0,4556,3194.0
"CRUDE OIL, LIGHT SWEET-WTI - ICE FUTURES EUROPE",2016-06-28,57904,42879,4006.0,-6463.0,429401,13894.0,15025,10469.0
"CRUDE OIL, LIGHT SWEET-WTI - ICE FUTURES EUROPE",2016-07-05,61167,42327,3263.0,-552.0,446351,16950.0,18840,3815.0
"CRUDE OIL, LIGHT SWEET-WTI - ICE FUTURES EUROPE",2016-07-12,63170,48235,2003.0,5908.0,469919,23568.0,14935,-3905.0
"CRUDE OIL, LIGHT SWEET-WTI - ICE FUTURES EUROPE",2016-07-19,64571,54872,1401.0,6637.0,469522,-397.0,9699,-5236.0
"CRUDE OIL, LIGHT SWEET-WTI - ICE FUTURES EUROPE",2016-07-26,64909,63587,338.0,8715.0,492031,22509.0,1322,-8377.0
"CRUDE OIL, LIGHT SWEET-WTI - ICE FUTURES EUROPE",2016-08-02,66781,58646,1872.0,-4941.0,505169,13138.0,8135,6813.0
"CRUDE OIL, LIGHT SWEET-WTI - ICE FUTURES EUROPE",2016-08-09,65006,56325,-1775.0,-2321.0,526827,21658.0,8681,546.0
"CRUDE OIL, LIGHT SWEET-WTI - ICE FUTURES EUROPE",2016-08-16,61582,75119,-3424.0,18794.0,544389,17562.0,-13537,-22218.0
"CRUDE OIL, LIGHT SWEET-WTI - ICE FUTURES EUROPE",2016-08-23,63873,52233,2291.0,-22886.0,504912,-39477.0,11640,25177.0
"CRUDE OIL, LIGHT SWEET-WTI - ICE FUTURES EUROPE",2016-08-30,66478,48498,2605.0,-3735.0,512356,7444.0,17980,6340.0
"CRUDE OIL, LIGHT SWEET-WTI - ICE FUTURES EUROPE",2016-09-06,66927,54427,449.0,5929.0,526058,13702.0,12500,-5480.0
"CRUDE OIL, LIGHT SWEET-WTI - ICE FUTURES EUROPE",2016-09-13,63779,59602,-3148.0,5175.0,541773,15715.0,4177,-8323.0
"CRUDE OIL, LIGHT SWEET-WTI - ICE FUTURES EUROPE",2016-09-20,65265,63959,1486.0,4357.0,512253,-29520.0,1306,-2871.0
"CRUDE OIL, LIGHT SWEET-WTI - ICE FUTURES EUROPE",2016-09-27,76962,59166,11697.0,-4793.0,519381,7128.0,17796,16490.0
"CRUDE OIL, LIGHT SWEET-WTI - ICE FUTURES EUROPE",2016-10-04,65829,84862,-11133.0,25696.0,535518,16137.0,-19033,-36829.0
"CRUDE OIL, LIGHT SWEET-WTI - ICE FUTURES EUROPE",2016-10-11,63048,95391,-2781.0,10529.0,540861,5343.0,-32343,-13310.0
"CRUDE OIL, LIGHT SWEET-WTI - ICE FUTURES EUROPE",2016-10-18,60716,90236,-2332.0,-5155.0,518925,-21936.0,-29520,2823.0
"CRUDE OIL, LIGHT SWEET-WTI - ICE FUTURES EUROPE",2016-10-25,56764,96409,-3952.0,6173.0,538265,19340.0,-39645,-10125.0
"CRUDE OIL, LIGHT SWEET-WTI - ICE FUTURES EUROPE",2016-11-01,51594,91640,-5170.0,-4769.0,537020,-1245.0,-40046,-401.0
"CRUDE OIL, LIGHT SWEET-WTI - ICE FUTURES EUROPE",2016-11-08,53189,87807,1595.0,-3833.0,541664,4644.0,-34618,5428.0
"CRUDE OIL, LIGHT SWEET-WTI - ICE FUTURES EUROPE",2016-11-15,65381,68376,12192.0,-19431.0,540865,-799.0,-2995,31623.0
"CRUDE OIL, LIGHT SWEET-WTI - ICE FUTURES EUROPE",2016-11-22,68312,52281,2931.0,-16095.0,514988,-25877.0,16031,19026.0
"CRUDE OIL, LIGHT SWEET-WTI - ICE FUTURES EUROPE",2016-11-29,64801,52242,-3511.0,-39.0,515951,963.0,12559,-3472.0
"CRUDE OIL, LIGHT SWEET-WTI - ICE FUTURES EUROPE",2016-12-06,58308,69720,-6493.0,17478.0,562296,46345.0,-11412,-23971.0
"CRUDE OIL, LIGHT SWEET-WTI - ICE FUTURES EUROPE",2016-12-13,69451,65779,11143.0,-3941.0,539013,-23283.0,3672,15084.0
"CRUDE OIL, LIGHT SWEET-WTI - ICE FUTURES EUROPE",2016-12-20,72808,75021,3357.0,9242.0,507597,-31416.0,-2213,-5885.0
"CRUDE OIL, LIGHT SWEET-WTI - ICE FUTURES EUROPE",2016-12-27,78245,84028,5437.0,9007.0,512016,4419.0,-5783,-3570.0
"CRUDE OIL, LIGHT SWEET-WTI - ICE FUTURES EUROPE",2017-01-03,74651,83770,-3594.0,-258.0,529917,17901.0,-9119,-3336.0
"CRUDE OIL, LIGHT SWEET-WTI - ICE FUTURES EUROPE",2017-01-10,88483,72163,13832.0,-11607.0,538417,8500.0,16320,25439.0
"CRUDE OIL, LIGHT SWEET-WTI - ICE FUTURES EUROPE",2017-01-17,88979,65968,496.0,-6195.0,556512,18095.0,23011,6691.0
"CRUDE OIL, LIGHT SWEET-WTI - ICE FUTURES EUROPE",2017-01-24,84812,60049,-4167.0,-5919.0,547258,-9254.0,24763,1752.0
"CRUDE OIL, LIGHT SWEET-WTI - ICE FUTURES EUROPE",2017-01-31,87013,56783,2201.0,-3266.0,584432,37174.0,30230,5467.0
"CRUDE OIL, LIGHT SWEET-WTI - ICE FUTURES EUROPE",2017-02-07,87061,58807,48.0,2024.0,613075,28643.0,28254,-1976.0
"CRUDE OIL, LIGHT SWEET-WTI - ICE FUTURES EUROPE",2017-02-14,82495,60569,-4566.0,1762.0,620693,7618.0,21926,-6328.0
"CRUDE OIL, LIGHT SWEET-WTI - ICE FUTURES EUROPE",2017-02-21,83889,70786,1394.0,10217.0,593462,-27231.0,13103,-8823.0
"CRUDE OIL, LIGHT SWEET-WTI - ICE FUTURES EUROPE",2017-02-28,89870,61143,5981.0,-9643.0,610345,16883.0,28727,15624.0
"CRUDE OIL, LIGHT SWEET-WTI - ICE FUTURES EUROPE",2017-03-07,92285,68821,2415.0,7678.0,608829,-1516.0,23464,-5263.0
"CRUDE OIL, LIGHT SWEET-WTI - ICE FUTURES EUROPE",2017-03-14,91841,68682,-444.0,-139.0,624077,15248.0,23159,-305.0
"CRUDE OIL, LIGHT SWEET-WTI - ICE FUTURES EUROPE",2017-03-21,86812,70338,-5029.0,1656.0,602603,-21474.0,16474,-6685.0
"CRUDE OIL, LIGHT SWEET-WTI - ICE FUTURES EUROPE",2017-03-28,84489,71202,-2323.0,864.0,604651,2048.0,13287,-3187.0
"CRUDE OIL, LIGHT SWEET-WTI - ICE FUTURES EUROPE",2017-04-04,84260,71651,-229.0,449.0,637258,32607.0,12609,-678.0
"CRUDE OIL, LIGHT SWEET-WTI - ICE FUTURES EUROPE",2017-04-11,85119,65175,859.0,-6476.0,633068,-4190.0,19944,7335.0
"CRUDE OIL, LIGHT SWEET-WTI - ICE FUTURES EUROPE",2017-04-18,88520,49122,3401.0,-16053.0,612427,-20641.0,39398,19454.0
"CRUDE OIL, LIGHT SWEET-WTI - ICE FUTURES EUROPE",2017-04-25,89294,59476,774.0,10354.0,599243,-13184.0,29818,-9580.0
"CRUDE OIL, LIGHT SWEET-WTI - ICE FUTURES EUROPE",2017-05-02,90484,56399,1190.0,-3077.0,603641,4398.0,34085,4267.0
"CRUDE OIL, LIGHT SWEET-WTI - ICE FUTURES EUROPE",2017-05-09,99203,48181,8719.0,-8218.0,604583,942.0,51022,16937.0
"CRUDE OIL, LIGHT SWEET-WTI - ICE FUTURES EUROPE",2017-05-16,91698,52828,-7505.0,4647.0,589773,-14810.0,38870,-12152.0
"CRUDE OIL, LIGHT SWEET-WTI - ICE FUTURES EUROPE",2017-05-23,94428,55641,2730.0,2813.0,567614,-22159.0,38787,-83.0
"CRUDE OIL, LIGHT SWEET-WTI - ICE FUTURES EUROPE",2017-05-30,103134,42114,8706.0,-13527.0,582722,15108.0,61020,22233.0
"CRUDE OIL, LIGHT SWEET-WTI - ICE FUTURES EUROPE",2017-06-06,107636,37333,4502.0,-4781.0,598744,16022.0,70303,9283.0
"CRUDE OIL, LIGHT SWEET-WTI - ICE FUTURES EUROPE",2017-06-13,101564,34347,-6072.0,-2986.0,576113,-22631.0,67217,-3086.0
"CRUDE OIL, LIGHT SWEET-WTI - ICE FUTURES EUROPE",2017-06-20,95764,45011,-5800.0,10664.0,541232,-34881.0,50753,-16464.0
"CRUDE OIL, LIGHT SWEET-WTI - ICE FUTURES EUROPE",2017-06-27,88169,50051,-7595.0,5040.0,535429,-5803.0,38118,-12635.0
"CRUDE OIL, LIGHT SWEET-WTI - ICE FUTURES EUROPE",2017-07-03,83471,46676,-4698.0,-3375.0,544172,8743.0,36795,-1323.0
"CRUDE OIL, LIGHT SWEET-WTI - ICE FUTURES EUROPE",2017-07-11,87970,52929,4499.0,6253.0,545765,1593.0,35041,-1754.0
"CRUDE OIL, LIGHT SWEET-WTI - ICE FUTURES EUROPE",2017-07-18,88534,55904,564.0,2975.0,554531,8766.0,32630,-2411.0
"CRUDE OIL, LIGHT SWEET-WTI - ICE FUTURES EUROPE",2017-07-25,83354,62465,-5180.0,6561.0,556213,1682.0,20889,-11741.0
"CRUDE OIL, LIGHT SWEET-WTI - ICE FUTURES EUROPE",2017-08-01,85715,74471,2361.0,12006.0,584987,28774.0,11244,-9645.0
"CRUDE OIL, LIGHT SWEET-WTI - ICE FUTURES EUROPE",2017-08-08,79256,84640,-6459.0,10169.0,601950,16963.0,-5384,-16628.0
"CRUDE OIL, LIGHT SWEET-WTI - ICE FUTURES EUROPE",2017-08-15,71503,81654,-7753.0,-2986.0,610083,8133.0,-10151,-4767.0
"CRUDE OIL, LIGHT SWEET-WTI - ICE FUTURES EUROPE",2017-08-22,69757,83541,-1746.0,1887.0,571769,-38314.0,-13784,-3633.0
"CRUDE OIL, LIGHT SWEET-WTI - ICE FUTURES EUROPE",2017-08-29,69246,97027,-511.0,13486.0,572953,1184.0,-27781,-13997.0
"CRUDE OIL, LIGHT SWEET-WTI - ICE FUTURES EUROPE",2017-09-05,71114,90329,1868.0,-6698.0,577295,4342.0,-19215,8566.0
"CRUDE OIL, LIGHT SWEET-WTI - ICE FUTURES EUROPE",2017-09-12,77323,94713,6209.0,4384.0,590929,13634.0,-17390,1825.0
"CRUDE OIL, LIGHT SWEET-WTI - ICE FUTURES EUROPE",2017-09-19,82967,99341,5644.0,4628.0,598851,7922.0,-16374,1016.0
"CRUDE OIL, LIGHT SWEET-WTI - ICE FUTURES EUROPE",2017-09-26,93828,86648,10861.0,-12693.0,603744,4893.0,7180,23554.0
"CRUDE OIL, LIGHT SWEET-WTI - ICE FUTURES EUROPE",2017-10-03,94383,87638,555.0,990.0,623599,19855.0,6745,-435.0
"CRUDE OIL, LIGHT SWEET-WTI - ICE FUTURES EUROPE",2017-10-10,107963,89395,13580.0,1757.0,620241,-3358.0,18568,11823.0
"CRUDE OIL, LIGHT SWEET-WTI - ICE FUTURES EUROPE",2017-10-17,107263,91758,-700.0,2363.0,618556,-1685.0,15505,-3063.0
"CRUDE OIL, LIGHT SWEET-WTI - ICE FUTURES EUROPE",2017-10-24,110878,88872,3615.0,-2886.0,597980,-20576.0,22006,6501.0
"CRUDE OIL, LIGHT SWEET-WTI - ICE FUTURES EUROPE",2017-10-31,126210,88586,15332.0,-286.0,618417,20437.0,37624,15618.0
"CRUDE OIL, LIGHT SWEET-WTI - ICE FUTURES EUROPE",2017-11-07,128876,90951,2666.0,2365.0,646306,27889.0,37925,301.0
"CRUDE OIL, LIGHT SWEET-WTI - ICE FUTURES EUROPE",2017-11-14,113698,90974,-15178.0,23.0,628962,-17344.0,22724,-15201.0
"CRUDE OIL, LIGHT SWEET-WTI - ICE FUTURES EUROPE",2017-11-21,114045,79601,347.0,-11373.0,601494,-27468.0,34444,11720.0
"CRUDE OIL, LIGHT SWEET-WTI - ICE FUTURES EUROPE",2017-11-28,112052,70830,-1993.0,-8771.0,592118,-9376.0,41222,6778.0
"CRUDE OIL, LIGHT SWEET-WTI - ICE FUTURES EUROPE",2017-12-05,114775,71158,2723.0,328.0,601513,9395.0,43617,2395.0
"CRUDE OIL, LIGHT SWEET-WTI - ICE FUTURES EUROPE",2017-12-12,106189,66726,-8586.0,-4432.0,595371,-6142.0,39463,-4154.0
"CRUDE OIL, LIGHT SWEET-WTI - ICE FUTURES EUROPE",2017-12-19,102692,67700,-3497.0,974.0,573645,-21726.0,34992,-4471.0
"CRUDE OIL, LIGHT SWEET-WTI - ICE FUTURES EUROPE",2017-12-26,99510,66094,-3182.0,-1606.0,573542,-103.0,33416,-1576.0
"CRUDE OIL, LIGHT SWEET-WTI - ICE FUTURES EUROPE",2018-01-02,109215,65342,9705.0,-752.0,581303,7761.0,43873,10457.0
"CRUDE OIL, LIGHT SWEET-WTI - ICE FUTURES EUROPE",2018-01-09,129659,54899,20444.0,-10443.0,593095,11792.0,74760,30887.0
"CRUDE OIL, LIGHT SWEET-WTI - ICE FUTURES EUROPE",2018-01-16,129407,50697,-252.0,-4202.0,586000,-7095.0,78710,3950.0
"CRUDE OIL, LIGHT SWEET-WTI - ICE FUTURES EUROPE",2018-01-23,120125,55289,-9282.0,4592.0,552203,-33797.0,64836,-13874.0
"CRUDE OIL, LIGHT SWEET-WTI - ICE FUTURES EUROPE",2018-01-30,114548,60559,-5577.0,5270.0,573113,20910.0,53989,-10847.0
"CRUDE OIL, LIGHT SWEET-WTI - ICE FUTURES EUROPE",2018-02-06,110569,58971,-3979.0,-1588.0,569199,-3914.0,51598,-2391.0
"CRUDE OIL, LIGHT SWEET-WTI - ICE FUTURES EUROPE",2018-02-13,121715,51807,11146.0,-7164.0,579742,10543.0,69908,18310.0
"CRUDE OIL, LIGHT SWEET-WTI - ICE FUTURES EUROPE",2018-02-20,127277,43039,5562.0,-8768.0,537206,-42536.0,84238,14330.0
"CRUDE OIL, LIGHT SWEET-WTI - ICE FUTURES EUROPE",2018-02-27,129131,46156,1854.0,3117.0,542915,5709.0,82975,-1263.0
"CRUDE OIL, LIGHT SWEET-WTI - ICE FUTURES EUROPE",2018-03-06,130932,42142,1801.0,-4014.0,555391,12476.0,88790,5815.0
"CRUDE OIL, LIGHT SWEET-WTI - ICE FUTURES EUROPE",2018-03-13,132693,42522,1761.0,380.0,548310,-7081.0,90171,1381.0
"CRUDE OIL, LIGHT SWEET-WTI - ICE FUTURES EUROPE",2018-03-20,123998,38987,-8695.0,-3535.0,513451,-34859.0,85011,-5160.0
"CRUDE OIL, LIGHT SWEET-WTI - ICE FUTURES EUROPE",2018-03-27,109952,55582,-14046.0,16595.0,553143,39692.0,54370,-30641.0
"CRUDE OIL, LIGHT SWEET-WTI - ICE FUTURES EUROPE",2018-04-03,97325,62396,-12627.0,6814.0,574008,20865.0,34929,-19441.0
"CRUDE OIL, LIGHT SWEET-WTI - ICE FUTURES EUROPE",2018-04-10,97603,62489,278.0,93.0,585101,11093.0,35114,185.0
"CRUDE OIL, LIGHT SWEET-WTI - ICE FUTURES EUROPE",2018-04-17,94014,53125,-3589.0,-9364.0,623188,38087.0,40889,5775.0
"CRUDE OIL, LIGHT SWEET-WTI - ICE FUTURES EUROPE",2018-04-24,103371,56772,9357.0,3647.0,626260,3072.0,46599,5710.0
"CRUDE OIL, LIGHT SWEET-WTI - ICE FUTURES EUROPE",2018-05-01,112528,59792,9157.0,3020.0,649875,23615.0,52736,6137.0
"CRUDE OIL, LIGHT SWEET-WTI - ICE FUTURES EUROPE",2018-05-08,124466,65095,11938.0,5303.0,668867,18992.0,59371,6635.0
"CRUDE OIL, LIGHT SWEET-WTI - ICE FUTURES EUROPE",2018-05-15,139211,56115,14745.0,-8980.0,667701,-1166.0,83096,23725.0
"CRUDE OIL, LIGHT SWEET-WTI - ICE FUTURES EUROPE",2018-05-22,142899,51620,3688.0,-4495.0,634664,-33037.0,91279,8183.0
"CRUDE OIL, LIGHT SWEET-WTI - ICE FUTURES EUROPE",2018-05-29,133877,58954,-9022.0,7334.0,642196,7532.0,74923,-16356.0
"CRUDE OIL, LIGHT SWEET-WTI - ICE FUTURES EUROPE",2018-06-05,143097,51680,9220.0,-7274.0,653638,11442.0,91417,16494.0
"CRUDE OIL, LIGHT SWEET-WTI - ICE FUTURES EUROPE",2018-06-12,136257,60494,-6840.0,8814.0,662175,8537.0,75763,-15654.0
"CRUDE OIL, LIGHT SWEET-WTI - ICE FUTURES EUROPE",2018-06-19,110011,60809,-26246.0,315.0,640221,-21954.0,49202,-26561.0
"CRUDE OIL, LIGHT SWEET-WTI - ICE FUTURES EUROPE",2018-06-26,109108,56281,-903.0,-4528.0,632935,-7286.0,52827,3625.0
"CRUDE OIL, LIGHT SWEET-WTI - ICE FUTURES EUROPE",2018-07-03,102931,55188,-6177.0,-1093.0,629687,-3248.0,47743,-5084.0
"CRUDE OIL, LIGHT SWEET-WTI - ICE FUTURES EUROPE",2018-07-10,106662,52165,3731.0,-3023.0,624687,-5000.0,54497,6754.0
"CRUDE OIL, LIGHT SWEET-WTI - ICE FUTURES EUROPE",2018-07-17,99030,48138,-7632.0,-4027.0,630457,5770.0,50892,-3605.0
"CRUDE OIL, LIGHT SWEET-WTI - ICE FUTURES EUROPE",2018-07-24,94665,48340,-4365.0,202.0,614433,-16024.0,46325,-4567.0
"CRUDE OIL, LIGHT SWEET-WTI - ICE FUTURES EUROPE",2018-07-31,86609,47423,-8056.0,-917.0,632138,17705.0,39186,-7139.0
"CRUDE OIL, LIGHT SWEET-WTI - ICE FUTURES EUROPE",2018-08-07,90626,42722,4017.0,-4701.0,638314,6176.0,47904,8718.0
"CRUDE OIL, LIGHT SWEET-WTI - ICE FUTURES EUROPE",2018-08-14,93216,45014,2590.0,2292.0,644411,6097.0,48202,298.0
"CRUDE OIL, LIGHT SWEET-WTI - ICE FUTURES EUROPE",2018-08-21,95220,43272,2004.0,-1742.0,609804,-34607.0,51948,3746.0
"CRUDE OIL, LIGHT SWEET-WTI - ICE FUTURES EUROPE",2018-08-28,95560,37908,340.0,-5364.0,617701,7897.0,57652,5704.0
"CRUDE OIL, LIGHT SWEET-WTI - ICE FUTURES EUROPE",2018-09-04,93875,36168,-1685.0,-1740.0,626318,8617.0,57707,55.0
"CRUDE OIL, LIGHT SWEET-WTI - ICE FUTURES EUROPE",2018-09-11,96208,41986,2333.0,5818.0,624355,-1963.0,54222,-3485.0
"CRUDE OIL, LIGHT SWEET-WTI - ICE FUTURES EUROPE",2018-09-18,97630,41330,1422.0,-656.0,623134,-1221.0,56300,2078.0
"CRUDE OIL, LIGHT SWEET-WTI - ICE FUTURES EUROPE",2018-09-25,83615,37131,-14015.0,-4199.0,610714,-12420.0,46484,-9816.0
"CRUDE OIL, LIGHT SWEET-WTI - ICE FUTURES EUROPE",2018-10-02,93764,45909,10149.0,8778.0,634538,23824.0,47855,1371.0
"CRUDE OIL, LIGHT SWEET-WTI - ICE FUTURES EUROPE",2018-10-09,91042,45849,-2722.0,-60.0,648302,13764.0,45193,-2662.0
"CRUDE OIL, LIGHT SWEET-WTI - ICE FUTURES EUROPE",2018-10-16,90864,40600,-178.0,-5249.0,642881,-5421.0,50264,5071.0
"CRUDE OIL, LIGHT SWEET-WTI - ICE FUTURES EUROPE",2018-10-23,98178,42861,7314.0,2261.0,606442,-36439.0,55317,5053.0
"CRUDE OIL, LIGHT SWEET-WTI - ICE FUTURES EUROPE",2018-10-30,109416,37783,11238.0,-5078.0,613027,6585.0,71633,16316.0
"CRUDE OIL, LIGHT SWEET-WTI - ICE FUTURES EUROPE",2018-11-06,104761,49711,-4655.0,11928.0,625759,12732.0,55050,-16583.0
"CRUDE OIL, LIGHT SWEET-WTI - ICE FUTURES EUROPE",2018-11-13,107247,55753,2486.0,6042.0,616654,-9105.0,51494,-3556.0
"CRUDE OIL, LIGHT SWEET-WTI - ICE FUTURES EUROPE",2018-11-20,109495,55426,2248.0,-327.0,584448,-32206.0,54069,2575.0
"CRUDE OIL, LIGHT SWEET-WTI - ICE FUTURES EUROPE",2018-11-27,115390,47296,5895.0,-8130.0,590213,5765.0,68094,14025.0
"CRUDE OIL, LIGHT SWEET-WTI - ICE FUTURES EUROPE",2018-12-04,112852,51019,-2538.0,3723.0,590164,-49.0,61833,-6261.0
"CRUDE OIL, LIGHT SWEET-WTI - ICE FUTURES EUROPE",2018-12-11,116413,56605,3561.0,5586.0,594504,4340.0,59808,-2025.0
"CRUDE OIL, LIGHT SWEET-WTI - ICE FUTURES EUROPE",2018-12-18,120485,52984,4072.0,-3621.0,563484,-31020.0,67501,7693.0
"CRUDE OIL, LIGHT SWEET-WTI - ICE FUTURES EUROPE",2018-12-24,133530,50660,13045.0,-2324.0,546715,-16769.0,82870,15369.0
"CRUDE OIL, LIGHT SWEET-WTI - ICE FUTURES EUROPE",2018-12-31,134715,54599,1185.0,3939.0,552962,6247.0,80116,-2754.0
"CRUDE OIL, LIGHT SWEET-WTI - ICE FUTURES EUROPE",2019-01-08,129791,57173,-4924.0,2574.0,567729,14767.0,72618,-7498.0
"CRUDE OIL, LIGHT SWEET-WTI - ICE FUTURES EUROPE",2019-01-15,132771,58677,2980.0,1504.0,577480,9751.0,74094,1476.0
"CRUDE OIL, LIGHT SWEET-WTI - ICE FUTURES EUROPE",2019-01-22,129419,54698,-3352.0,-3979.0,572961,-4519.0,74721,627.0
"CRUDE OIL, LIGHT SWEET-WTI - ICE FUTURES EUROPE",2019-01-29,135490,49791,6071.0,-4907.0,585347,12386.0,85699,10978.0
"CRUDE OIL, LIGHT SWEET-WTI - ICE FUTURES EUROPE",2019-02-05,143553,50829,8063.0,1038.0,592407,7060.0,92724,7025.0
"CRUDE OIL, LIGHT SWEET-WTI - ICE FUTURES EUROPE",2019-02-12,158932,56609,15379.0,5780.0,622146,29739.0,102323,9599.0
"CRUDE OIL, LIGHT SWEET-WTI - ICE FUTURES EUROPE",2019-02-19,151741,47788,-7191.0,-8821.0,611990,-10156.0,103953,1630.0
"CRUDE OIL, LIGHT SWEET-WTI - ICE FUTURES EUROPE",2019-02-26,146576,40712,-5165.0,-7076.0,600042,-11948.0,105864,1911.0
"CRUDE OIL, LIGHT SWEET-WTI - ICE FUTURES EUROPE",2019-03-05,154014,40321,7438.0,-391.0,608146,8104.0,113693,7829.0
"CRUDE OIL, LIGHT SWEET-WTI - ICE FUTURES EUROPE",2019-03-12,156062,41595,2048.0,1274.0,596561,-11585.0,114467,774.0
"CRUDE OIL, LIGHT SWEET-WTI - ICE FUTURES EUROPE",2019-03-19,155728,40590,-334.0,-1005.0,602365,5804.0,115138,671.0
"CRUDE OIL, LIGHT SWEET-WTI - ICE FUTURES EUROPE",2019-03-26,155868,49304,140.0,8714.0,578942,-23423.0,106564,-8574.0
"CRUDE OIL, LIGHT SWEET-WTI - ICE FUTURES EUROPE",2019-04-02,149472,57242,-6396.0,7938.0,592991,14049.0,92230,-14334.0
"CRUDE OIL, LIGHT SWEET-WTI - ICE FUTURES EUROPE",2019-04-09,159008,57237,9536.0,-5.0,608850,15859.0,101771,9541.0
"CRUDE OIL, LIGHT SWEET-WTI - ICE FUTURES EUROPE",2019-04-16,162724,58841,3716.0,1604.0,618713,9863.0,103883,2112.0
"CRUDE OIL, LIGHT SWEET-WTI - ICE FUTURES EUROPE",2019-04-23,166173,53678,3449.0,-5163.0,615663,-3050.0,112495,8612.0
"CRUDE OIL, LIGHT SWEET-WTI - ICE FUTURES EUROPE",2019-04-30,177173,69143,11000.0,15465.0,622400,6737.0,108030,-4465.0
"CRUDE OIL, LIGHT SWEET-WTI - ICE FUTURES EUROPE",2019-05-07,182736,77192,5563.0,8049.0,634678,12278.0,105544,-2486.0
"CRUDE OIL, LIGHT SWEET-WTI - ICE FUTURES EUROPE",2019-05-14,188510,83207,5774.0,6015.0,637433,2755.0,105303,-241.0
"CRUDE OIL, LIGHT SWEET-WTI - ICE FUTURES EUROPE",2019-05-21,188465,84545,-45.0,1338.0,608737,-28696.0,103920,-1383.0
"CRUDE OIL, LIGHT SWEET-WTI - ICE FUTURES EUROPE",2019-05-28,190471,92484,2006.0,7939.0,619954,11217.0,97987,-5933.0
"CRUDE OIL, LIGHT SWEET-WTI - ICE FUTURES EUROPE",2019-06-04,200698,72465,10227.0,-20019.0,653817,33863.0,128233,30246.0
"CRUDE OIL, LIGHT SWEET-WTI - ICE FUTURES EUROPE",2019-06-11,202315,72494,1617.0,29.0,690336,36519.0,129821,1588.0
"CRUDE OIL, LIGHT SWEET-WTI - ICE FUTURES EUROPE",2019-06-18,210221,60484,7906.0,-12010.0,682912,-7424.0,149737,19916.0
"CRUDE OIL, LIGHT SWEET-WTI - ICE FUTURES EUROPE",2019-06-25,216823,48362,6602.0,-12122.0,674890,-8022.0,168461,18724.0
"CRUDE OIL, LIGHT SWEET-WTI - ICE FUTURES EUROPE",2019-07-02,212666,42677,-4157.0,-5685.0,680966,6076.0,169989,1528.0
"CRUDE OIL, LIGHT SWEET-WTI - ICE FUTURES EUROPE",2019-07-09,212459,41449,-207.0,-1228.0,687245,6279.0,171010,1021.0
"CRUDE OIL, LIGHT SWEET-WTI - ICE FUTURES EUROPE",2019-07-16,216037,54660,3578.0,13211.0,675880,-11365.0,161377,-9633.0
"CRUDE OIL, LIGHT SWEET-WTI - ICE FUTURES EUROPE",2019-07-23,213766,64660,-2271.0,10000.0,652040,-23840.0,149106,-12271.0
"CRUDE OIL, LIGHT SWEET-WTI - ICE FUTURES EUROPE",2019-07-30,218665,69481,4899.0,4821.0,654297,2257.0,149184,78.0
"CRUDE OIL, LIGHT SWEET-WTI - ICE FUTURES EUROPE",2019-08-06,214544,69687,-4121.0,206.0,662349,8052.0,144857,-4327.0
"CRUDE OIL, LIGHT SWEET-WTI - ICE FUTURES EUROPE",2019-08-13,212483,54058,-2061.0,-15629.0,648412,-13937.0,158425,13568.0
"CRUDE OIL, LIGHT SWEET-WTI - ICE FUTURES EUROPE",2019-08-20,203097,40191,-9386.0,-13867.0,616243,-32169.0,162906,4481.0
"CRUDE OIL, LIGHT SWEET-WTI - ICE FUTURES EUROPE",2019-08-27,204286,40762,1189.0,571.0,631003,14760.0,163524,618.0
"CRUDE OIL, LIGHT SWEET-WTI - ICE FUTURES EUROPE",2019-09-03,202512,45624,-1774.0,4862.0,652802,21799.0,156888,-6636.0
"CRUDE OIL, LIGHT SWEET-WTI - ICE FUTURES EUROPE",2019-09-10,204356,48825,1844.0,3201.0,657167,4365.0,155531,-1357.0
"CRUDE OIL, LIGHT SWEET-WTI - ICE FUTURES EUROPE",2019-09-17,213722,49357,9366.0,532.0,675447,18280.0,164365,8834.0
"CRUDE OIL, LIGHT SWEET-WTI - ICE FUTURES EUROPE",2019-09-24,212673,46208,-1049.0,-3149.0,636552,-38895.0,166465,2100.0
"CRUDE OIL, LIGHT SWEET-WTI - ICE FUTURES EUROPE",2019-10-01,213371,56142,698.0,9934.0,638237,1685.0,157229,-9236.0
"CRUDE OIL, LIGHT SWEET-WTI - ICE FUTURES EUROPE",2019-10-08,213887,46159,516.0,-9983.0,637345,-892.0,167728,10499.0
"CRUDE OIL, LIGHT SWEET-WTI - ICE FUTURES EUROPE",2019-10-15,205843,52323,-8044.0,6164.0,643163,5818.0,153520,-14208.0
"CRUDE OIL, LIGHT SWEET-WTI - ICE FUTURES EUROPE",2019-10-22,194552,48247,-11291.0,-4076.0,622022,-21141.0,146305,-7215.0
"CRUDE OIL, LIGHT SWEET-WTI - ICE FUTURES EUROPE",2019-10-29,203104,54245,8552.0,5998.0,619755,-2267.0,148859,2554.0
"CRUDE OIL, LIGHT SWEET-WTI - ICE FUTURES EUROPE",2019-11-05,202496,49983,-608.0,-4262.0,641054,21299.0,152513,3654.0
"CRUDE OIL, LIGHT SWEET-WTI - ICE FUTURES EUROPE",2019-11-12,225023,53660,22527.0,3677.0,628838,-12216.0,171363,18850.0
"CRUDE OIL, LIGHT SWEET-WTI - ICE FUTURES EUROPE",2019-11-19,222426,44580,-2597.0,-9080.0,614961,-13877.0,177846,6483.0
"CRUDE OIL, LIGHT SWEET-WTI - ICE FUTURES EUROPE",2019-11-26,222664,40574,238.0,-4006.0,618863,3902.0,182090,4244.0
"CRUDE OIL, LIGHT SWEET-WTI - ICE FUTURES EUROPE",2019-12-03,218888,35450,-3776.0,-5124.0,604877,-13986.0,183438,1348.0
"CRUDE OIL, LIGHT SWEET-WTI - ICE FUTURES EUROPE",2019-12-10,228961,36218,10073.0,768.0,609147,4270.0,192743,9305.0
"CRUDE OIL, LIGHT SWEET-WTI - ICE FUTURES EUROPE",2019-12-17,222423,42502,-6538.0,6284.0,601431,-7716.0,179921,-12822.0
"CRUDE OIL, LIGHT SWEET-WTI - ICE FUTURES EUROPE",2019-12-24,224466,42057,2043.0,-445.0,569973,-31458.0,182409,2488.0
"CRUDE OIL, LIGHT SWEET-WTI - ICE FUTURES EUROPE",2019-12-31,233924,30341,9458.0,-11716.0,580966,10993.0,203583,21174.0
"CRUDE OIL, LIGHT SWEET-WTI - ICE FUTURES EUROPE",2020-01-07,229275,32076,-4649.0,1735.0,585747,4781.0,197199,-6384.0
"CRUDE OIL, LIGHT SWEET-WTI - ICE FUTURES EUROPE",2020-01-14,229781,40910,506.0,8834.0,592018,6271.0,188871,-8328.0
"CRUDE OIL, LIGHT SWEET-WTI - ICE FUTURES EUROPE",2020-01-21,228906,38533,-875.0,-2377.0,587141,-4877.0,190373,1502.0
"CRUDE OIL, LIGHT SWEET-WTI - ICE FUTURES EUROPE",2020-01-28,234980,42228,6074.0,3695.0,621387,34246.0,192752,2379.0
"CRUDE OIL, LIGHT SWEET-WTI - ICE FUTURES EUROPE",2020-02-04,246373,35994,11393.0,-6234.0,640339,18952.0,210379,17627.0
"CRUDE OIL, LIGHT SWEET-WTI - ICE FUTURES EUROPE",2020-02-11,242397,27598,-3976.0,-8396.0,637747,-2592.0,214799,4420.0
"CRUDE OIL, LIGHT SWEET-WTI - ICE FUTURES EUROPE",2020-02-18,226972,34099,-15425.0,6501.0,608437,-29310.0,192873,-21926.0
"CRUDE OIL, LIGHT SWEET-WTI - ICE FUTURES EUROPE",2020-02-25,229468,36187,2496.0,2088.0,621732,13295.0,193281,408.0
"CRUDE OIL, LIGHT SWEET-WTI - ICE FUTURES EUROPE",2020-03-03,229161,50085,-307.0,13898.0,612975,-8757.0,179076,-14205.0
"CRUDE OIL, LIGHT SWEET-WTI - ICE FUTURES EUROPE",2020-03-10,219298,63825,-9863.0,13740.0,644300,31325.0,155473,-23603.0
"CRUDE OIL, LIGHT SWEET-WTI - ICE FUTURES EUROPE",2020-03-17,212590,60744,-6708.0,-3081.0,669884,25584.0,151846,-3627.0
"CRUDE OIL, LIGHT SWEET-WTI - ICE FUTURES EUROPE",2020-03-24,207297,39823,-5293.0,-20921.0,681603,11719.0,167474,15628.0
"CRUDE OIL, LIGHT SWEET-WTI - ICE FUTURES EUROPE",2020-03-31,209471,37819,2174.0,-2004.0,693669,12066.0,171652,4178.0
"CRUDE OIL, LIGHT SWEET-WTI - ICE FUTURES EUROPE",2020-04-07,198926,41079,-10545.0,3260.0,647309,-46360.0,157847,-13805.0
"CRUDE OIL, LIGHT SWEET-WTI - ICE FUTURES EUROPE",2020-04-14,207005,40825,8079.0,-254.0,670744,23435.0,166180,8333.0
"CRUDE OIL, LIGHT SWEET-WTI - ICE FUTURES EUROPE",2020-04-21,243290,73534,36285.0,32709.0,664830,-5914.0,169756,3576.0
"CRUDE OIL, LIGHT SWEET-WTI - ICE FUTURES EUROPE",2020-04-28,204954,44921,-38336.0,-28613.0,622084,-42746.0,160033,-9723.0
"CRUDE OIL, LIGHT SWEET-WTI - ICE FUTURES EUROPE",2020-05-05,196423,42569,-8531.0,-2352.0,620127,-1957.0,153854,-6179.0
"CRUDE OIL, LIGHT SWEET-WTI - ICE FUTURES EUROPE",2020-05-12,183597,35313,-12826.0,-7256.0,598242,-21885.0,148284,-5570.0
"CRUDE OIL, LIGHT SWEET-WTI - ICE FUTURES EUROPE",2020-05-19,176378,18358,-7219.0,-16955.0,545882,-52360.0,158020,9736.0
"CRUDE OIL, LIGHT SWEET-WTI - ICE FUTURES EUROPE",2020-05-26,176479,19768,101.0,1410.0,550676,4794.0,156711,-1309.0
"CRUDE OIL, LIGHT SWEET-WTI - ICE FUTURES EUROPE",2020-06-02,167269,21530,-9210.0,1762.0,549520,-1156.0,145739,-10972.0
"CRUDE OIL, LIGHT SWEET-WTI - ICE FUTURES EUROPE",2020-06-09,166480,22126,-789.0,596.0,552695,3175.0,144354,-1385.0
"CRUDE OIL, LIGHT SWEET-WTI - ICE FUTURES EUROPE",2020-06-16,153166,22125,-13314.0,-1.0,534907,-17788.0,131041,-13313.0
"CRUDE OIL, LIGHT SWEET-WTI - ICE FUTURES EUROPE",2020-06-23,141372,21332,-11794.0,-793.0,512884,-22023.0,120040,-11001.0
"CRUDE OIL, LIGHT SWEET-WTI - ICE FUTURES EUROPE",2020-06-30,141460,29090,88.0,7758.0,516485,3601.0,112370,-7670.0
"CRUDE OIL, LIGHT SWEET-WTI - ICE FUTURES EUROPE",2020-07-07,133699,25379,-7761.0,-3711.0,508379,-8106.0,108320,-4050.0
"CRUDE OIL, LIGHT SWEET-WTI - ICE FUTURES EUROPE",2020-07-14,138974,24087,5275.0,-1292.0,500708,-7671.0,114887,6567.0
"CRUDE OIL, LIGHT SWEET-WTI - ICE FUTURES EUROPE",2020-07-21,129539,22600,-9435.0,-1487.0,481515,-19193.0,106939,-7948.0
"CRUDE OIL, LIGHT SWEET-WTI - ICE FUTURES EUROPE",2020-07-28,127420,22183,-2119.0,-417.0,474455,-7060.0,105237,-1702.0
"CRUDE OIL, LIGHT SWEET-WTI - ICE FUTURES EUROPE",2020-08-04,128496,19388,1076.0,-2795.0,470979,-3476.0,109108,3871.0
"CRUDE OIL, LIGHT SWEET-WTI - ICE FUTURES EUROPE",2020-08-11,126419,24036,-2077.0,4648.0,477090,6111.0,102383,-6725.0
"CRUDE OIL, LIGHT SWEET-WTI - ICE FUTURES EUROPE",2020-08-18,120524,30333,-5895.0,6297.0,472000,-5090.0,90191,-12192.0
"CRUDE OIL, LIGHT SWEET-WTI - ICE FUTURES EUROPE",2020-08-25,116754,38154,-3770.0,7821.0,456769,-15231.0,78600,-11591.0
"CRUDE OIL, LIGHT SWEET-WTI - ICE FUTURES EUROPE",2020-09-01,118445,36547,1691.0,-1607.0,454533,-2236.0,81898,3298.0
"CRUDE OIL, LIGHT SWEET-WTI - ICE FUTURES EUROPE",2020-09-08,117157,42064,-1288.0,5517.0,460234,5701.0,75093,-6805.0
"CRUDE OIL, LIGHT SWEET-WTI - ICE FUTURES EUROPE",2020-09-15,141432,37244,24275.0,-4820.0,460357,123.0,104188,29095.0
"CRUDE OIL, LIGHT SWEET-WTI - ICE FUTURES EUROPE",2020-09-22,122958,40403,-18474.0,3159.0,443594,-16763.0,82555,-21633.0
"CRUDE OIL, LIGHT SWEET-WTI - ICE FUTURES EUROPE",2020-09-29,119590,43896,-3368.0,3493.0,455518,11924.0,75694,-6861.0
"CRUDE OIL, LIGHT SWEET-WTI - ICE FUTURES EUROPE",2020-10-06,108099,45445,-11491.0,1549.0,454722,-796.0,62654,-13040.0
"CRUDE OIL, LIGHT SWEET-WTI - ICE FUTURES EUROPE",2020-10-13,104318,49041,-3781.0,3596.0,468632,13910.0,55277,-7377.0
"CRUDE OIL, LIGHT SWEET-WTI - ICE FUTURES EUROPE",2020-10-20,112727,46914,8409.0,-2127.0,451640,-16992.0,65813,10536.0
"CRUDE OIL, LIGHT SWEET-WTI - ICE FUTURES EUROPE",2020-10-27,105302,56291,-7425.0,9377.0,442125,-9515.0,49011,-16802.0
"CRUDE OIL, LIGHT SWEET-WTI - ICE FUTURES EUROPE",2020-11-03,108972,54287,3670.0,-2004.0,438665,-3460.0,54685,5674.0
"CRUDE OIL, LIGHT SWEET-WTI - ICE FUTURES EUROPE",2020-11-10,102847,56798,-6125.0,2511.0,447441,8776.0,46049,-8636.0
"CRUDE OIL, LIGHT SWEET-WTI - ICE FUTURES EUROPE",2020-11-17,97824,45281,-5023.0,-11517.0,450704,3263.0,52543,6494.0
"CRUDE OIL, LIGHT SWEET-WTI - ICE FUTURES EUROPE",2020-11-24,91008,51651,-6816.0,6370.0,432718,-17986.0,39357,-13186.0
"CRUDE OIL, LIGHT SWEET-WTI - ICE FUTURES EUROPE",2020-12-01,93420,50277,2412.0,-1374.0,434333,1615.0,43143,3786.0
"CRUDE OIL, LIGHT SWEET-WTI - ICE FUTURES EUROPE",2020-12-08,92119,50463,-1301.0,186.0,447111,12778.0,41656,-1487.0
"CRUDE OIL, LIGHT SWEET-WTI - ICE FUTURES EUROPE",2020-12-15,90791,53693,-1328.0,3230.0,464020,16909.0,37098,-4558.0
"CRUDE OIL, LIGHT SWEET-WTI - ICE FUTURES EUROPE",2020-12-21,90585,64426,-206.0,10733.0,464852,832.0,26159,-10939.0
"CRUDE OIL, LIGHT SWEET-WTI - ICE FUTURES EUROPE",2020-12-29,93612,60920,3027.0,-3506.0,469109,4257.0,32692,6533.0
"CRUDE OIL, LIGHT SWEET-WTI - ICE FUTURES EUROPE",2021-01-05,95868,64471,2256.0,3551.0,484799,15690.0,31397,-1295.0
"CRUDE OIL, LIGHT SWEET-WTI - ICE FUTURES EUROPE",2021-01-12,98335,60759,2467.0,-3712.0,502886,18087.0,37576,6179.0
"CRUDE OIL, LIGHT SWEET-WTI - ICE FUTURES EUROPE",2021-01-19,98415,51508,80.0,-9251.0,485851,-17035.0,46907,9331.0
"CRUDE OIL, LIGHT SWEET-WTI - ICE FUTURES EUROPE",2021-01-26,99248,61327,833.0,9819.0,493056,7205.0,37921,-8986.0
"CRUDE OIL, LIGHT SWEET-WTI - ICE FUTURES EUROPE",2021-02-02,98938,62399,-310.0,1072.0,509520,16464.0,36539,-1382.0
"CRUDE OIL, LIGHT SWEET-WTI - ICE FUTURES EUROPE",2021-02-09,96084,61091,-2854.0,-1308.0,527498,17978.0,34993,-1546.0
"CRUDE OIL, LIGHT SWEET-WTI - ICE FUTURES EUROPE",2021-02-16,99389,54183,3305.0,-6908.0,500719,-26779.0,45206,10213.0
"CRUDE OIL, LIGHT SWEET-WTI - ICE FUTURES EUROPE",2021-02-23,97789,55133,-1600.0,950.0,516616,15897.0,42656,-2550.0
"CRUDE OIL, LIGHT SWEET-WTI - ICE FUTURES EUROPE",2021-03-02,94161,63780,-3628.0,8647.0,528080,11464.0,30381,-12275.0
"CRUDE OIL, LIGHT SWEET-WTI - ICE FUTURES EUROPE",2021-03-09,95612,65609,1451.0,1829.0,544514,16434.0,30003,-378.0
"CRUDE OIL, LIGHT SWEET-WTI - ICE FUTURES EUROPE",2021-03-16,99868,60922,4256.0,-4687.0,559576,15062.0,38946,8943.0
"CRUDE OIL, LIGHT SWEET-WTI - ICE FUTURES EUROPE",2021-03-23,104333,51326,4465.0,-9596.0,542071,-17505.0,53007,14061.0
"CRUDE OIL, LIGHT SWEET-WTI - ICE FUTURES EUROPE",2021-03-30,98507,64150,-5826.0,12824.0,540997,-1074.0,34357,-18650.0
"CRUDE OIL, LIGHT SWEET-WTI - ICE FUTURES EUROPE",2021-04-06,99565,62700,1058.0,-1450.0,537730,-3267.0,36865,2508.0
"CRUDE OIL, LIGHT SWEET-WTI - ICE FUTURES EUROPE",2021-04-13,96689,55436,-2876.0,-7264.0,510740,-26990.0,41253,4388.0
"CRUDE OIL, LIGHT SWEET-WTI - ICE FUTURES EUROPE",2021-04-20,96318,58089,-371.0,2653.0,515985,5245.0,38229,-3024.0
"CRUDE OIL, LIGHT SWEET-WTI - ICE FUTURES EUROPE",2021-04-27,95425,44111,-893.0,-13978.0,526935,10950.0,51314,13085.0
"CRUDE OIL, LIGHT SWEET-WTI - ICE FUTURES EUROPE",2021-05-04,94821,43594,-604.0,-517.0,533505,6570.0,51227,-87.0
"CRUDE OIL, LIGHT SWEET-WTI - ICE FUTURES EUROPE",2021-05-11,96475,55207,1654.0,11613.0,546343,12838.0,41268,-9959.0
"CRUDE OIL, LIGHT SWEET-WTI - ICE FUTURES EUROPE",2021-05-18,92411,54117,-4064.0,-1090.0,532670,-13673.0,38294,-2974.0
"CRUDE OIL, LIGHT SWEET-WTI - ICE FUTURES EUROPE",2021-05-25,90152,50533,-2259.0,-3584.0,513807,-18863.0,39619,1325.0
"CRUDE OIL, LIGHT SWEET-WTI - ICE FUTURES EUROPE",2021-06-01,93683,48610,3531.0,-1923.0,528809,15002.0,45073,5454.0
"CRUDE OIL, LIGHT SWEET-WTI - ICE FUTURES EUROPE",2021-06-08,91497,41500,-2186.0,-7110.0,535602,6793.0,49997,4924.0
"CRUDE OIL, LIGHT SWEET-WTI - ICE FUTURES EUROPE",2021-06-15,86761,37219,-4736.0,-4281.0,552821,17219.0,49542,-455.0
"CRUDE OIL, LIGHT SWEET-WTI - ICE FUTURES EUROPE",2021-06-22,76707,44281,-10054.0,7062.0,554623,1802.0,32426,-17116.0
"CRUDE OIL, LIGHT SWEET-WTI - ICE FUTURES EUROPE",2021-06-29,77148,49501,441.0,5220.0,573820,19197.0,27647,-4779.0
"CRUDE OIL, LIGHT SWEET-WTI - ICE FUTURES EUROPE",2021-07-06,77069,62374,-79.0,12873.0,592568,18748.0,14695,-12952.0
"CRUDE OIL, LIGHT SWEET-WTI - ICE FUTURES EUROPE",2021-07-13,77504,63572,435.0,1198.0,584999,-7569.0,13932,-763.0
"CRUDE OIL, LIGHT SWEET-WTI - ICE FUTURES EUROPE",2021-07-20,74911,73274,-2593.0,9702.0,587056,2057.0,1637,-12295.0
"CRUDE OIL, LIGHT SWEET-WTI - ICE FUTURES EUROPE",2021-07-27,66592,70079,-8319.0,-3195.0,578632,-8424.0,-3487,-5124.0
"CRUDE OIL, LIGHT SWEET-WTI - ICE FUTURES EUROPE",2021-08-03,66020,64845,-572.0,-5234.0,587396,8764.0,1175,4662.0
"CRUDE OIL, LIGHT SWEET-WTI - ICE FUTURES EUROPE",2021-08-10,65725,74682,-295.0,9837.0,600822,13426.0,-8957,-10132.0
"CRUDE OIL, LIGHT SWEET-WTI - ICE FUTURES EUROPE",2021-08-17,65087,84898,-638.0,10216.0,602652,1830.0,-19811,-10854.0
"CRUDE OIL, LIGHT SWEET-WTI - ICE FUTURES EUROPE",2021-08-24,74244,71443,9157.0,-13455.0,553998,-48654.0,2801,22612.0
"CRUDE OIL, LIGHT SWEET-WTI - ICE FUTURES EUROPE",2021-08-31,74396,68943,152.0,-2500.0,535646,-18352.0,5453,2652.0
"CRUDE OIL, LIGHT SWEET-WTI - ICE FUTURES EUROPE",2021-09-07,71489,61660,-2907.0,-7283.0,533544,-2102.0,9829,4376.0
"CRUDE OIL, LIGHT SWEET-WTI - ICE FUTURES EUROPE",2021-09-14,75851,54859,4362.0,-6801.0,521702,-11842.0,20992,11163.0
"CRUDE OIL, LIGHT SWEET-WTI - ICE FUTURES EUROPE",2021-09-21,80275,54318,4424.0,-541.0,519968,-1734.0,25957,4965.0
"CRUDE OIL, LIGHT SWEET-WTI - ICE FUTURES EUROPE",2021-09-28,85396,62333,5121.0,8015.0,554290,34322.0,23063,-2894.0
"CRUDE OIL, LIGHT SWEET-WTI - ICE FUTURES EUROPE",2021-10-05,74940,76959,-10456.0,14626.0,556971,2681.0,-2019,-25082.0
"CRUDE OIL, LIGHT SWEET-WTI - ICE FUTURES EUROPE",2021-10-12,75333,62748,393.0,-14211.0,539968,-17003.0,12585,14604.0
"CRUDE OIL, LIGHT SWEET-WTI - ICE FUTURES EUROPE",2021-10-19,83303,60135,7970.0,-2613.0,524171,-15797.0,23168,10583.0
"CRUDE OIL, LIGHT SWEET-WTI - ICE FUTURES EUROPE",2021-10-26,82082,56212,-1221.0,-3923.0,503094,-21077.0,25870,2702.0
"CRUDE OIL, LIGHT SWEET-WTI - ICE FUTURES EUROPE",2021-11-02,80888,65409,-1194.0,9197.0,504577,1483.0,15479,-10391.0
"CRUDE OIL, LIGHT SWEET-WTI - ICE FUTURES EUROPE",2021-11-09,80162,52611,-726.0,-12798.0,497128,-7449.0,27551,12072.0
"CRUDE OIL, LIGHT SWEET-WTI - ICE FUTURES EUROPE",2021-11-16,86306,55040,6144.0,2429.0,491838,-5290.0,31266,3715.0
"CRUDE OIL, LIGHT SWEET-WTI - ICE FUTURES EUROPE",2021-11-23,88870,56253,2564.0,1213.0,445817,-46021.0,32617,1351.0
"CRUDE OIL, LIGHT SWEET-WTI - ICE FUTURES EUROPE",2021-11-30,86976,59311,-1894.0,3058.0,441622,-4195.0,27665,-4952.0
"CRUDE OIL, LIGHT SWEET-WTI - ICE FUTURES EUROPE",2021-12-07,80336,52301,-6640.0,-7010.0,437856,-3766.0,28035,370.0
"CRUDE OIL, LIGHT SWEET-WTI - ICE FUTURES EUROPE",2021-12-14,80714,49027,378.0,-3274.0,437256,-600.0,31687,3652.0
"CRUDE OIL, LIGHT SWEET-WTI - ICE FUTURES EUROPE",2021-12-21,77757,46029,-2957.0,-2998.0,420452,-16804.0,31728,41.0
"CRUDE OIL, LIGHT SWEET-WTI - ICE FUTURES EUROPE",2021-12-28,80772,43745,3015.0,-2284.0,426851,6399.0,37027,5299.0
"CRUDE OIL, LIGHT SWEET-WTI - ICE FUTURES EUROPE",2022-01-04,80543,46308,-229.0,2563.0,434647,7796.0,34235,-2792.0
"CRUDE OIL, LIGHT SWEET-WTI - ICE FUTURES EUROPE",2022-01-11,77173,57862,-3370.0,11554.0,463324,28677.0,19311,-14924.0
"CRUDE OIL, LIGHT SWEET-WTI - ICE FUTURES EUROPE",2022-01-18,73584,65316,-3589.0,7454.0,483078,19754.0,8268,-11043.0
"CRUDE OIL, LIGHT SWEET-WTI - ICE FUTURES EUROPE",2022-01-25,67726,69619,-5858.0,4303.0,478752,-4326.0,-1893,-10161.0
"CRUDE OIL, LIGHT SWEET-WTI - ICE FUTURES EUROPE",2022-02-01,66945,68207,-781.0,-1412.0,483555,4803.0,-1262,631.0
"CRUDE OIL, LIGHT SWEET-WTI - ICE FUTURES EUROPE",2022-02-08,73309,70999,6364.0,2792.0,509697,26142.0,2310,3572.0
"CRUDE OIL, LIGHT SWEET-WTI - ICE FUTURES EUROPE",2022-02-15,70319,73438,-2990.0,2439.0,527692,17995.0,-3119,-5429.0
"CRUDE OIL, LIGHT SWEET-WTI - ICE FUTURES EUROPE",2022-02-22,66976,70090,-3343.0,-3348.0,505662,-22030.0,-3114,5.0
"CRUDE OIL, LIGHT SWEET-WTI - ICE FUTURES EUROPE",2022-03-01,74103,75058,7127.0,4968.0,525187,19525.0,-955,2159.0
"CRUDE OIL, LIGHT SWEET-WTI - ICE FUTURES EUROPE",2022-03-08,74595,85485,492.0,10427.0,525576,389.0,-10890,-9935.0
"CRUDE OIL, LIGHT SWEET-WTI - ICE FUTURES EUROPE",2022-03-15,84810,68184,10215.0,-17301.0,535618,10042.0,16626,27516.0
"CRUDE OIL, LIGHT SWEET-WTI - ICE FUTURES EUROPE",2022-03-22,79434,64884,-5376.0,-3300.0,510233,-25385.0,14550,-2076.0
"CRUDE OIL, LIGHT SWEET-WTI - ICE FUTURES EUROPE",2022-03-29,80282,62767,848.0,-2117.0,508840,-1393.0,17515,2965.0
"CRUDE OIL, LIGHT SWEET-WTI - ICE FUTURES EUROPE",2022-04-05,85385,59101,5103.0,-3666.0,502562,-6278.0,26284,8769.0
"CRUDE OIL, LIGHT SWEET-WTI - ICE FUTURES EUROPE",2022-04-12,89367,61314,3982.0,2213.0,501512,-1050.0,28053,1769.0
"CRUDE OIL, LIGHT SWEET-WTI - ICE FUTURES EUROPE",2022-04-19,88330,70711,-1037.0,9397.0,499090,-2422.0,17619,-10434.0
"CRUDE OIL, LIGHT SWEET-WTI - ICE FUTURES EUROPE",2022-04-26,82296,75488,-6034.0,4777.0,497349,-1741.0,6808,-10811.0
"CRUDE OIL, LIGHT SWEET-WTI - ICE FUTURES EUROPE",2022-05-03,77835,76335,-4461.0,847.0,500256,2907.0,1500,-5308.0
"CRUDE OIL, LIGHT SWEET-WTI - ICE FUTURES EUROPE",2022-05-10,80925,74317,3090.0,-2018.0,502493,2237.0,6608,5108.0
"CRUDE OIL, LIGHT SWEET-WTI - ICE FUTURES EUROPE",2022-05-17,79412,56787,-1513.0,-17530.0,491719,-10774.0,22625,16017.0
"CRUDE OIL, LIGHT SWEET-WTI - ICE FUTURES EUROPE",2022-05-24,76527,68071,-2885.0,11284.0,466601,-25118.0,8456,-14169.0
"CRUDE OIL, LIGHT SWEET-WTI - ICE FUTURES EUROPE",2022-05-31,75424,60369,-1103.0,-7702.0,483157,16556.0,15055,6599.0
"CRUDE OIL, LIGHT SWEET-WTI - ICE FUTURES EUROPE",2022-06-07,74134,57055,-1290.0,-3314.0,479085,-4072.0,17079,2024.0
"CRUDE OIL, LIGHT SWEET-WTI - ICE FUTURES EUROPE",2022-06-14,67871,56976,-6263.0,-79.0,473414,-5671.0,10895,-6184.0
"CRUDE OIL, LIGHT SWEET-WTI - ICE FUTURES EUROPE",2022-06-21,63882,71769,-3989.0,14793.0,448254,-25160.0,-7887,-18782.0
"CRUDE OIL, LIGHT SWEET-WTI - ICE FUTURES EUROPE",2022-06-28,63953,73104,71.0,1335.0,444791,-3463.0,-9151,-1264.0
"CRUDE OIL, LIGHT SWEET-WTI - ICE FUTURES EUROPE",2022-07-05,64220,82338,267.0,9234.0,457861,13070.0,-18118,-8967.0
"CRUDE OIL, LIGHT SWEET-WTI - ICE FUTURES EUROPE",2022-07-12,68130,70224,3910.0,-12114.0,451687,-6174.0,-2094,16024.0
"CRUDE OIL, LIGHT SWEET-WTI - ICE FUTURES EUROPE",2022-07-19,69460,62176,1330.0,-8048.0,460048,8361.0,7284,9378.0
"CRUDE OIL, LIGHT SWEET-WTI - ICE FUTURES EUROPE",2022-07-26,61017,63353,-8443.0,1177.0,452373,-7675.0,-2336,-9620.0
"CRUDE OIL, LIGHT SWEET-WTI - ICE FUTURES EUROPE",2022-08-02,64032,64761,3015.0,1408.0,449195,-3178.0,-729,1607.0
"CRUDE OIL, LIGHT SWEET-WTI - ICE FUTURES EUROPE",2022-08-09,77010,56374,12978.0,-8387.0,441065,-8130.0,20636,21365.0
"CRUDE OIL, LIGHT SWEET-WTI - ICE FUTURES EUROPE",2022-08-16,72550,63710,-4460.0,7336.0,439656,-1409.0,8840,-11796.0
"CRUDE OIL, LIGHT SWEET-WTI - ICE FUTURES EUROPE",2022-08-23,68059,62060,-4491.0,-1650.0,423212,-16444.0,5999,-2841.0
"CRUDE OIL, LIGHT SWEET-WTI - ICE FUTURES EUROPE",2022-08-30,72379,62531,4320.0,471.0,421270,-1942.0,9848,3849.0
"CRUDE OIL, LIGHT SWEET-WTI - ICE FUTURES EUROPE",2022-09-06,73910,57298,1531.0,-5233.0,422409,1139.0,16612,6764.0
"CRUDE OIL, LIGHT SWEET-WTI - ICE FUTURES EUROPE",2022-09-13,70096,56169,-3814.0,-1129.0,439957,17548.0,13927,-2685.0
"CRUDE OIL, LIGHT SWEET-WTI - ICE FUTURES EUROPE",2022-09-20,65708,54588,-4388.0,-1581.0,424273,-15684.0,11120,-2807.0
"CRUDE OIL, LIGHT SWEET-WTI - ICE FUTURES EUROPE",2022-09-27,74669,55258,8961.0,670.0,422690,-1583.0,19411,8291.0
"CRUDE OIL, LIGHT SWEET-WTI - ICE FUTURES EUROPE",2022-10-04,66098,54377,-8571.0,-881.0,420287,-2403.0,11721,-7690.0
"CRUDE OIL, LIGHT SWEET-WTI - ICE FUTURES EUROPE",2022-10-11,67970,51168,1872.0,-3209.0,419977,-310.0,16802,5081.0
"CRUDE OIL, LIGHT SWEET-WTI - ICE FUTURES EUROPE",2022-10-18,64791,60724,-3179.0,9556.0,432399,12422.0,4067,-12735.0
"CRUDE OIL, LIGHT SWEET-WTI - ICE FUTURES EUROPE",2022-10-25,70140,57506,5349.0,-3218.0,417487,-14912.0,12634,8567.0
"CRUDE OIL, LIGHT SWEET-WTI - ICE FUTURES EUROPE",2022-11-01,80183,51828,10043.0,-5678.0,413554,-3933.0,28355,15721.0
"CRUDE OIL, LIGHT SWEET-WTI - ICE FUTURES EUROPE",2022-11-08,89131,47809,8948.0,-4019.0,398797,-14757.0,41322,12967.0
"CRUDE OIL, LIGHT SWEET-WTI - ICE FUTURES EUROPE",2022-11-15,83208,53821,-5923.0,6012.0,398748,-49.0,29387,-11935.0
"CRUDE OIL, LIGHT SWEET-WTI - ICE FUTURES EUROPE",2022-11-22,91372,51718,8164.0,-2103.0,370452,-28296.0,39654,10267.0
"CRUDE OIL, LIGHT SWEET-WTI - ICE FUTURES EUROPE",2022-11-29,87979,43138,-3393.0,-8580.0,363686,-6766.0,44841,5187.0
"CRUDE OIL, LIGHT SWEET-WTI - ICE FUTURES EUROPE",2022-12-06,100255,46681,12276.0,3543.0,388899,25213.0,53574,8733.0
"CRUDE OIL, LIGHT SWEET-WTI - ICE FUTURES EUROPE",2022-12-13,100831,47046,576.0,365.0,384086,-4813.0,53785,211.0
"CRUDE OIL, LIGHT SWEET-WTI - ICE FUTURES EUROPE",2022-12-20,109701,48660,8870.0,1614.0,365759,-18327.0,61041,7256.0
"CRUDE OIL, LIGHT SWEET-WTI - ICE FUTURES EUROPE",2022-12-27,104909,47891,-4792.0,-769.0,366822,1063.0,57018,-4023.0
"CRUDE OIL, LIGHT SWEET-WTI - ICE FUTURES EUROPE",2023-01-03,94516,51067,-10393.0,3176.0,363278,-3544.0,43449,-13569.0
"CRUDE OIL, LIGHT SWEET-WTI - ICE FUTURES EUROPE",2023-01-10,97592,51689,3076.0,622.0,375908,12630.0,45903,2454.0
"CRUDE OIL, LIGHT SWEET-WTI - ICE FUTURES EUROPE",2023-01-17,93228,52107,-4364.0,418.0,386049,10141.0,41121,-4782.0
"CRUDE OIL, LIGHT SWEET-WTI - ICE FUTURES EUROPE",2023-01-24,83461,51703,-9767.0,-404.0,387454,1405.0,31758,-9363.0
"CRUDE OIL, LIGHT SWEET-WTI - ICE FUTURES EUROPE",2023-01-31,86653,53387,3192.0,1684.0,407466,20012.0,33266,1508.0
"CRUDE OIL, LIGHT SWEET-WTI - ICE FUTURES EUROPE",2023-02-07,84297,53582,-2356.0,195.0,431938,24472.0,30715,-2551.0
"CRUDE OIL, LIGHT SWEET-WTI - ICE FUTURES EUROPE",2023-02-14,97590,48856,13293.0,-4726.0,455777,23839.0,48734,18019.0
"CRUDE OIL, LIGHT SWEET-WTI - ICE FUTURES EUROPE",2023-02-21,91074,39384,-6516.0,-9472.0,430682,-25095.0,51690,2956.0
"CRUDE OIL, LIGHT SWEET-WTI - ICE FUTURES EUROPE",2023-02-28,92753,35179,1679.0,-4205.0,434238,3556.0,57574,5884.0
"CRUDE OIL, LIGHT SWEET-WTI - ICE FUTURES EUROPE",2023-03-07,99644,36292,6891.0,1113.0,431983,-2255.0,63352,5778.0
"CRUDE OIL, LIGHT SWEET-WTI - ICE FUTURES EUROPE",2023-03-14,84361,45483,-15283.0,9191.0,435506,3523.0,38878,-24474.0
"CRUDE OIL, LIGHT SWEET-WTI - ICE FUTURES EUROPE",2023-03-21,77034,45872,-7327.0,389.0,437454,1948.0,31162,-7716.0
"CRUDE OIL, LIGHT SWEET-WTI - ICE FUTURES EUROPE",2023-03-28,88111,40607,11077.0,-5265.0,447347,9893.0,47504,16342.0
"CRUDE OIL, LIGHT SWEET-WTI - ICE FUTURES EUROPE",2023-04-04,86208,46066,-1903.0,5459.0,464769,17422.0,40142,-7362.0
"CRUDE OIL, LIGHT SWEET-WTI - ICE FUTURES EUROPE",2023-04-11,82611,46715,-3597.0,649.0,464199,-570.0,35896,-4246.0
"CRUDE OIL, LIGHT SWEET-WTI - ICE FUTURES EUROPE",2023-04-18,73682,52964,-8929.0,6249.0,457199,-7000.0,20718,-15178.0
"CRUDE OIL, LIGHT SWEET-WTI - ICE FUTURES EUROPE",2023-04-25,70974,58342,-2708.0,5378.0,460663,3464.0,12632,-8086.0
"CRUDE OIL, LIGHT SWEET-WTI - ICE FUTURES EUROPE",2023-05-02,73346,58561,2372.0,219.0,463856,3193.0,14785,2153.0
"CRUDE OIL, LIGHT SWEET-WTI - ICE FUTURES EUROPE",2023-05-09,83981,70412,10635.0,11851.0,464582,726.0,13569,-1216.0
"CRUDE OIL, LIGHT SWEET-WTI - ICE FUTURES EUROPE",2023-05-16,93086,62735,9105.0,-7677.0,487494,22912.0,30351,16782.0
"CRUDE OIL, LIGHT SWEET-WTI - ICE FUTURES EUROPE",2023-05-23,94469,47898,1383.0,-14837.0,487050,-444.0,46571,16220.0
"CRUDE OIL, LIGHT SWEET-WTI - ICE FUTURES EUROPE",2023-05-30,84829,59849,-9640.0,11951.0,496375,9325.0,24980,-21591.0
"CRUDE OIL, LIGHT SWEET-WTI - ICE FUTURES EUROPE",2023-06-06,84018,71931,-811.0,12082.0,528997,32622.0,12087,-12893.0
"CRUDE OIL, LIGHT SWEET-WTI - ICE FUTURES EUROPE",2023-06-13,91009,74872,6991.0,2941.0,525534,-3463.0,16137,4050.0
"CRUDE OIL, LIGHT SWEET-WTI - ICE FUTURES EUROPE",2023-06-20,96484,69744,5475.0,-5128.0,495063,-30471.0,26740,10603.0
"CRUDE OIL, LIGHT SWEET-WTI - ICE FUTURES EUROPE",2023-06-27,91937,70833,-4547.0,1089.0,512855,17792.0,21104,-5636.0
"CRUDE OIL, LIGHT SWEET-WTI - ICE FUTURES EUROPE",2023-07-03,100780,68555,8843.0,-2278.0,519512,6657.0,32225,11121.0
"CRUDE OIL, LIGHT SWEET-WTI - ICE FUTURES EUROPE",2023-07-11,100411,65705,-369.0,-2850.0,531107,11595.0,34706,2481.0
"CRUDE OIL, LIGHT SWEET-WTI - ICE FUTURES EUROPE",2023-07-18,113525,64547,13114.0,-1158.0,527903,-3204.0,48978,14272.0
"CRUDE OIL, LIGHT SWEET-WTI - ICE FUTURES EUROPE",2023-07-25,92441,49930,-21084.0,-14617.0,507655,-20248.0,42511,-6467.0
"CRUDE OIL, LIGHT SWEET-WTI - ICE FUTURES EUROPE",2023-08-01,95141,60055,2700.0,10125.0,521014,13359.0,35086,-7425.0
"CRUDE OIL, LIGHT SWEET-WTI - ICE FUTURES EUROPE",2023-08-08,91150,63822,-3991.0,3767.0,527899,6885.0,27328,-7758.0
"CRUDE OIL, LIGHT SWEET-WTI - ICE FUTURES EUROPE",2023-08-15,79408,55163,-11742.0,-8659.0,556799,28900.0,24245,-3083.0
"CRUDE OIL, LIGHT SWEET-WTI - ICE FUTURES EUROPE",2023-08-22,78561,57891,-847.0,2728.0,563454,6655.0,20670,-3575.0
"CRUDE OIL, LIGHT SWEET-WTI - ICE FUTURES EUROPE",2023-08-29,83350,63512,4789.0,5621.0,576100,12646.0,19838,-832.0
"CRUDE OIL, LIGHT SWEET-WTI - ICE FUTURES EUROPE",2023-09-05,76562,46981,-6788.0,-16531.0,614114,38014.0,29581,9743.0
"CRUDE OIL, LIGHT SWEET-WTI - ICE FUTURES EUROPE",2023-09-12,74131,45855,-2431.0,-1126.0,637631,23517.0,28276,-1305.0
"CRUDE OIL, LIGHT SWEET-WTI - ICE FUTURES EUROPE",2023-09-19,85335,55088,11204.0,9233.0,623682,-13949.0,30247,1971.0
"CRUDE OIL, LIGHT SWEET-WTI - ICE FUTURES EUROPE",2023-09-26,90178,52054,4843.0,-3034.0,606220,-17462.0,38124,7877.0
"CRUDE OIL, LIGHT SWEET-WTI - ICE FUTURES EUROPE",2023-10-03,96153,50939,5975.0,-1115.0,599680,-6540.0,45214,7090.0
"CRUDE OIL, LIGHT SWEET-WTI - ICE FUTURES EUROPE",2023-10-10,88766,51589,-7387.0,650.0,607668,7988.0,37177,-8037.0
"CRUDE OIL, LIGHT SWEET-WTI - ICE FUTURES EUROPE",2023-10-17,71054,76348,-17712.0,24759.0,601987,-5681.0,-5294,-42471.0
"CRUDE OIL, LIGHT SWEET-WTI - ICE FUTURES EUROPE",2023-10-24,72833,74865,1779.0,-1483.0,578470,-23517.0,-2032,3262.0
"CRUDE OIL, LIGHT SWEET-WTI - ICE FUTURES EUROPE",2023-10-31,62717,83989,-10116.0,9124.0,589111,10641.0,-21272,-19240.0
"CRUDE OIL, LIGHT SWEET-WTI - ICE FUTURES EUROPE",2023-11-07,63753,85298,1036.0,1309.0,596499,7388.0,-21545,-273.0
"CRUDE OIL, LIGHT SWEET-WTI - ICE FUTURES EUROPE",2023-11-14,65288,86219,1535.0,921.0,612369,15870.0,-20931,614.0
"CRUDE OIL, LIGHT SWEET-WTI - ICE FUTURES EUROPE",2023-11-21,62096,72211,-3192.0,-14008.0,562070,-50299.0,-10115,10816.0
"CRUDE OIL, LIGHT SWEET-WTI - ICE FUTURES EUROPE",2023-11-28,63012,72365,916.0,154.0,587653,25583.0,-9353,762.0
"CRUDE OIL, LIGHT SWEET-WTI - ICE FUTURES EUROPE",2023-12-05,72969,71946,9957.0,-419.0,594106,6453.0,1023,10376.0
"CRUDE OIL, LIGHT SWEET-WTI - ICE FUTURES EUROPE",2023-12-12,82995,72396,10026.0,450.0,600293,6187.0,10599,9576.0
"CRUDE OIL, LIGHT SWEET-WTI - ICE FUTURES EUROPE",2023-12-19,75944,68259,-7051.0,-4137.0,558534,-41759.0,7685,-2914.0
"CRUDE OIL, LIGHT SWEET-WTI - ICE FUTURES EUROPE",2023-12-26,78784,69609,2840.0,1350.0,557199,-1335.0,9175,1490.0
"CRUDE OIL, LIGHT SWEET-WTI - ICE FUTURES EUROPE",2024-01-02,73155,65935,-5629.0,-3674.0,572387,15188.0,7220,-1955.0
"CRUDE OIL, LIGHT SWEET-WTI - ICE FUTURES EUROPE",2024-01-09,79606,66577,6451.0,642.0,584069,11682.0,13029,5809.0
"CRUDE OIL, LIGHT SWEET-WTI - ICE FUTURES EUROPE",2024-01-16,78915,68872,-691.0,2295.0,623387,39318.0,10043,-2986.0
"CRUDE OIL, LIGHT SWEET-WTI - ICE FUTURES EUROPE",2024-01-23,96797,59531,17882.0,-9341.0,597807,-25580.0,37266,27223.0
"CRUDE OIL, LIGHT SWEET-WTI - ICE FUTURES EUROPE",2024-01-30,95184,51769,-1613.0,-7762.0,603073,5266.0,43415,6149.0
"CRUDE OIL, LIGHT SWEET-WTI - ICE FUTURES EUROPE",2024-02-06,87199,57188,-7985.0,5419.0,619955,16882.0,30011,-13404.0
"CRUDE OIL, LIGHT SWEET-WTI - ICE FUTURES EUROPE",2024-02-13,92122,53619,4923.0,-3569.0,613065,-6890.0,38503,8492.0
"CRUDE OIL, LIGHT SWEET-WTI - ICE FUTURES EUROPE",2024-02-20,92482,46624,360.0,-6995.0,545588,-67477.0,45858,7355.0
"CRUDE OIL, LIGHT SWEET-WTI - ICE FUTURES EUROPE",2024-02-27,103350,53597,10868.0,6973.0,553479,7891.0,49753,3895.0
"CRUDE OIL, LIGHT SWEET-WTI - ICE FUTURES EUROPE",2024-03-05,103017,48642,-333.0,-4955.0,572853,19374.0,54375,4622.0
"CRUDE OIL, LIGHT SWEET-WTI - ICE FUTURES EUROPE",2024-03-12,96653,47948,-6364.0,-694.0,586254,13401.0,48705,-5670.0
"CRUDE OIL, LIGHT SWEET-WTI - ICE FUTURES EUROPE",2024-03-19,102200,42894,5547.0,-5054.0,578096,-8158.0,59306,10601.0
"CRUDE OIL, LIGHT SWEET-WTI - ICE FUTURES EUROPE",2024-03-26,90229,45773,-11971.0,2879.0,569734,-8362.0,44456,-14850.0
"CRUDE OIL, LIGHT SWEET-WTI - ICE FUTURES EUROPE",2024-04-02,85009,57983,-5220.0,12210.0,568166,-1568.0,27026,-17430.0
"CRUDE OIL, LIGHT SWEET-WTI - ICE FUTURES EUROPE",2024-04-09,88252,52425,3243.0,-5558.0,571895,3729.0,35827,8801.0
"CRUDE OIL, LIGHT SWEET-WTI - ICE FUTURES EUROPE",2024-04-16,75396,65746,-12856.0,13321.0,593161,21266.0,9650,-26177.0
"CRUDE OIL, LIGHT SWEET-WTI - ICE FUTURES EUROPE",2024-04-23,78576,64968,3180.0,-778.0,561069,-32092.0,13608,3958.0
"CRUDE OIL, LIGHT SWEET-WTI - ICE FUTURES EUROPE",2024-04-30,77141,82908,-1435.0,17940.0,567663,6594.0,-5767,-19375.0
"CRUDE OIL, LIGHT SWEET-WTI - ICE FUTURES EUROPE",2024-05-07,81873,83298,4732.0,390.0,575862,8199.0,-1425,4342.0
"CRUDE OIL, LIGHT SWEET-WTI - ICE FUTURES EUROPE",2024-05-14,94640,64146,12767.0,-19152.0,565264,-10598.0,30494,31919.0
"CRUDE OIL, LIGHT SWEET-WTI - ICE FUTURES EUROPE",2024-05-21,102887,66889,8247.0,2743.0,532593,-32671.0,35998,5504.0
"CRUDE OIL, LIGHT SWEET-WTI - ICE FUTURES EUROPE",2024-05-28,104830,64325,1943.0,-2564.0,530025,-2568.0,40505,4507.0
"CRUDE OIL, LIGHT SWEET-WTI - ICE FUTURES EUROPE",2024-06-04,78451,64594,-26379.0,269.0,530681,656.0,13857,-26648.0
"CRUDE OIL, LIGHT SWEET-WTI - ICE FUTURES EUROPE",2024-06-11,85170,67149,6719.0,2555.0,634583,103902.0,18021,4164.0
"CRUDE OIL, LIGHT SWEET-WTI - ICE FUTURES EUROPE",2024-06-18,75199,66028,-9971.0,-1121.0,614012,-20571.0,9171,-8850.0
"CRUDE OIL, LIGHT SWEET-WTI - ICE FUTURES EUROPE",2024-06-25,88515,56136,13316.0,-9892.0,629261,15249.0,32379,23208.0
"CRUDE OIL, LIGHT SWEET-WTI - ICE FUTURES EUROPE",2024-07-02,66179,51430,-22336.0,-4706.0,613245,-16016.0,14749,-17630.0
"CRUDE OIL, LIGHT SWEET-WTI - ICE FUTURES EUROPE",2024-07-09,67738,51586,1559.0,156.0,635639,22394.0,16152,1403.0
"CRUDE OIL, LIGHT SWEET-WTI - ICE FUTURES EUROPE",2024-07-16,79746,50399,12008.0,-1187.0,624660,-10979.0,29347,13195.0
"CRUDE OIL, LIGHT SWEET-WTI - ICE FUTURES EUROPE",2024-07-23,73238,62495,-6508.0,12096.0,607921,-16739.0,10743,-18604.0
"CRUDE OIL, LIGHT SWEET-WTI - ICE FUTURES EUROPE",2024-07-30,66948,65291,-6290.0,2796.0,606826,-1095.0,1657,-9086.0
"CRUDE OIL, LIGHT SWEET-WTI - ICE FUTURES EUROPE",2024-08-06,59572,73302,-7376.0,8011.0,634719,27893.0,-13730,-15387.0
"CRUDE OIL, LIGHT SWEET-WTI - ICE FUTURES EUROPE",2024-08-13,67861,59808,8289.0,-13494.0,652448,17729.0,8053,21783.0
"CRUDE OIL, LIGHT SWEET-WTI - ICE FUTURES EUROPE",2024-08-20,57499,59703,-10362.0,-105.0,606596,-45852.0,-2204,-10257.0
"CRUDE OIL, LIGHT SWEET-WTI - ICE FUTURES EUROPE",2024-08-27,55394,65656,-2105.0,5953.0,603068,-3528.0,-10262,-8058.0
"CRUDE OIL, LIGHT SWEET-WTI - ICE FUTURES EUROPE",2024-09-03,55376,75789,-18.0,10133.0,600494,-2574.0,-20413,-10151.0
"CRUDE OIL, LIGHT SWEET-WTI - ICE FUTURES EUROPE",2024-09-10,58196,78373,2820.0,2584.0,597403,-3091.0,-20177,236.0
"CRUDE OIL, LIGHT SWEET-WTI - ICE FUTURES EUROPE",2024-09-17,65517,68588,7321.0,-9785.0,601000,3597.0,-3071,17106.0
"CRUDE OIL, LIGHT SWEET-WTI - ICE FUTURES EUROPE",2024-09-24,77318,63784,11801.0,-4804.0,607376,6376.0,13534,16605.0
"CRUDE OIL, LIGHT SWEET-WTI - ICE FUTURES EUROPE",2024-10-01,59876,84252,-17442.0,20468.0,617401,10025.0,-24376,-37910.0
"CRUDE OIL, LIGHT SWEET-WTI - ICE FUTURES EUROPE",2024-10-08,63208,99110,3332.0,14858.0,637812,20411.0,-35902,-11526.0
"CRUDE OIL, LIGHT SWEET-WTI - ICE FUTURES EUROPE",2024-10-15,65908,96152,2700.0,-2958.0,627956,-9856.0,-30244,5658.0
"CRUDE OIL, LIGHT SWEET-WTI - ICE FUTURES EUROPE",2024-10-22,68422,98981,2514.0,2829.0,629344,1388.0,-30559,-315.0
"CRUDE OIL, LIGHT SWEET-WTI - ICE FUTURES EUROPE",2024-10-29,78465,88227,10043.0,-10754.0,643322,13978.0,-9762,20797.0
"CRUDE OIL, LIGHT SWEET-WTI - ICE FUTURES EUROPE",2024-11-05,86027,87822,7562.0,-405.0,679338,36016.0,-1795,7967.0
"CRUDE OIL, LIGHT SWEET-WTI - ICE FUTURES EUROPE",2024-11-12,83534,91103,-2493.0,3281.0,693238,13900.0,-7569,-5774.0
"CRUDE OIL, LIGHT SWEET-WTI - ICE FUTURES EUROPE",2024-11-19,74482,95925,-9052.0,4822.0,708539,15301.0,-21443,-13874.0
"CRUDE OIL, LIGHT SWEET-WTI - ICE FUTURES EUROPE",2024-11-26,74112,97246,-370.0,1321.0,702683,-5856.0,-23134,-1691.0
"CRUDE OIL, LIGHT SWEET-WTI - ICE FUTURES EUROPE",2024-12-03,83718,96360,9606.0,-886.0,703087,404.0,-12642,10492.0
"CRUDE OIL, LIGHT SWEET-WTI - ICE FUTURES EUROPE",2024-12-10,89655,98362,5937.0,2002.0,714185,11098.0,-8707,3935.0
"CRUDE OIL, LIGHT SWEET-WTI - ICE FUTURES EUROPE",2024-12-17,95351,92558,5696.0,-5804.0,710746,-3439.0,2793,11500.0
"CRUDE OIL, LIGHT SWEET-WTI - ICE FUTURES EUROPE",2024-12-24,91020,75148,-4331.0,-17410.0,721736,10990.0,15872,13079.0
"CRUDE OIL, LIGHT SWEET-WTI - ICE FUTURES EUROPE",2024-12-31,91445,74786,425.0,-362.0,718014,-3722.0,16659,787.0
"CRUDE OIL, LIGHT SWEET-WTI - ICE FUTURES EUROPE",2025-01-07,104213,75977,12768.0,1191.0,741067,23053.0,28236,11577.0
"CRUDE OIL, LIGHT SWEET-WTI - ICE FUTURES EUROPE",2025-01-14,86717,76107,-17496.0,130.0,747010,5943.0,10610,-17626.0
"CRUDE OIL, LIGHT SWEET-WTI - ICE FUTURES EUROPE",2025-01-21,95243,77433,8526.0,1326.0,751280,4270.0,17810,7200.0
"CRUDE OIL, LIGHT SWEET-WTI - ICE FUTURES EUROPE",2025-01-28,78750,79693,-16493.0,2260.0,755644,4364.0,-943,-18753.0
"CRUDE OIL, LIGHT SWEET-WTI - ICE FUTURES EUROPE",2025-02-04,79765,94631,1015.0,14938.0,761253,5609.0,-14866,-13923.0
"CRUDE OIL, LIGHT SWEET-WTI - ICE FUTURES EUROPE",2025-02-11,76055,94897,-3710.0,266.0,756270,-4983.0,-18842,-3976.0
"CRUDE OIL, LIGHT SWEET-WTI - ICE FUTURES EUROPE",2025-02-18,75132,97132,-923.0,2235.0,739889,-16381.0,-22000,-3158.0
"CRUDE OIL, LIGHT SWEET-WTI - ICE FUTURES EUROPE",2025-02-25,78918,108858,3786.0,11726.0,734037,-5852.0,-29940,-7940.0
"CRUDE OIL, LIGHT SWEET-WTI - ICE FUTURES EUROPE",2025-03-04,95037,96145,16119.0,-12713.0,736377,2340.0,-1108,28832.0
"CRUDE OIL, LIGHT SWEET-WTI - ICE FUTURES EUROPE",2025-03-11,87539,97144,-7498.0,999.0,751292,14915.0,-9605,-8497.0
"CRUDE OIL, LIGHT SWEET-WTI - ICE FUTURES EUROPE",2025-03-18,98284,101132,10745.0,3988.0,770978,19686.0,-2848,6757.0
"CRUDE OIL, LIGHT SWEET-WTI - ICE FUTURES EUROPE",2025-03-25,99226,101079,942.0,-53.0,774245,3267.0,-1853,995.0
"CRUDE OIL, LIGHT SWEET-WTI - ICE FUTURES EUROPE",2025-04-01,118151,95851,18925.0,-5228.0,789199,14954.0,22300,24153.0
"CRUDE OIL, LIGHT SWEET-WTI - ICE FUTURES EUROPE",2025-04-08,117470,99627,-681.0,3776.0,790075,876.0,17843,-4457.0
"CRUDE OIL, LIGHT SWEET-WTI - ICE FUTURES EUROPE",2025-04-15,115544,94136,-1926.0,-5491.0,795370,5295.0,21408,3565.0
"CRUDE OIL, LIGHT SWEET-WTI - ICE FUTURES EUROPE",2025-04-22,124353,80955,8809.0,-13181.0,752684,-42686.0,43398,21990.0
"CRUDE OIL, LIGHT SWEET-WTI - ICE FUTURES EUROPE",2025-04-29,120049,85645,-4304.0,4690.0,766631,13947.0,34404,-8994.0
"CRUDE OIL, LIGHT SWEET-WTI - ICE FUTURES EUROPE",2025-05-06,111964,97688,-8085.0,12043.0,791551,24920.0,14276,-20128.0
"CRUDE OIL, LIGHT SWEET-WTI - ICE FUTURES EUROPE",2025-05-13,109068,97986,-2896.0,298.0,782720,-8831.0,11082,-3194.0
"CRUDE OIL, LIGHT SWEET-WTI - ICE FUTURES EUROPE",2025-05-20,105813,93858,-3255.0,-4128.0,738260,-44460.0,11955,873.0
"CRUDE OIL, LIGHT SWEET-WTI - ICE FUTURES EUROPE",2025-05-27,115930,97961,10117.0,4103.0,756331,18071.0,17969,6014.0
"CRUDE OIL, LIGHT SWEET-WTI - ICE FUTURES EUROPE",2025-06-03,132762,99719,16832.0,1758.0,785105,28774.0,33043,15074.0
"CRUDE OIL, LIGHT SWEET-WTI - ICE FUTURES EUROPE",2025-06-10,131628,100978,-1134.0,1259.0,773321,-11784.0,30650,-2393.0
"CRUDE OIL, LIGHT SWEET-WTI - ICE FUTURES EUROPE",2025-06-17,122997,122117,-8631.0,21139.0,809036,35715.0,880,-29770.0
"CRUDE OIL, LIGHT SWEET-WTI - ICE FUTURES EUROPE",2025-06-24,110641,110254,-12356.0,-11863.0,782607,-26429.0,387,-493.0
"CRUDE OIL, LIGHT SWEET-WTI - ICE FUTURES EUROPE",2025-07-01,107795,110727,-2846.0,473.0,784078,1471.0,-2932,-3319.0
"CRUDE OIL, LIGHT SWEET-WTI - ICE FUTURES EUROPE",2025-07-08,102981,117038,-4814.0,6311.0,783947,-131.0,-14057,-11125.0
"CRUDE OIL, LIGHT SWEET-WTI - ICE FUTURES EUROPE",2025-07-15,92558,113122,-10423.0,-3916.0,809617,25670.0,-20564,-6507.0
"CRUDE OIL, LIGHT SWEET-WTI - ICE FUTURES EUROPE",2025-07-22,95771,111552,3213.0,-1570.0,781337,-28280.0,-15781,4783.0
"CRUDE OIL, LIGHT SWEET-WTI - ICE FUTURES EUROPE",2025-07-29,91524,114138,-4247.0,2586.0,793386,12049.0,-22614,-6833.0
"CRUDE OIL, LIGHT SWEET-WTI - ICE FUTURES EUROPE",2025-08-05,106824,109155,15300.0,-4983.0,783604,-9782.0,-2331,20283.0
"CRUDE OIL, LIGHT SWEET-WTI - ICE FUTURES EUROPE",2025-08-12,101597,106473,-5227.0,-2682.0,780239,-3365.0,-4876,-2545.0
"CRUDE OIL, LIGHT SWEET-WTI - ICE FUTURES EUROPE",2025-08-19,95890,93335,-5707.0,-13138.0,758730,-21509.0,2555,7431.0
"CRUDE OIL, LIGHT SWEET-WTI - ICE FUTURES EUROPE",2025-08-26,102130,85247,6240.0,-8088.0,800590,41860.0,16883,14328.0
"CRUDE OIL, LIGHT SWEET-WTI - ICE FUTURES EUROPE",2025-09-02,106200,82747,4070.0,-2500.0,799084,-1506.0,23453,6570.0
"CRUDE OIL, LIGHT SWEET-WTI - ICE FUTURES EUROPE",2025-09-09,107188,78450,988.0,-4297.0,802403,3319.0,28738,5285.0
"CRUDE OIL, LIGHT SWEET-WTI - ICE FUTURES EUROPE",2025-09-16,112043,71469,4855.0,-6981.0,811785,9382.0,40574,11836.0
"CRUDE OIL, LIGHT SWEET-WTI - ICE FUTURES EUROPE",2025-09-23,113454,69739,1411.0,-1730.0,807783,-4002.0,43715,3141.0
"CRUDE OIL, LIGHT SWEET-WTI - ICE FUTURES EUROPE",2025-09-30,119991,69501,6537.0,-238.0,827704,19921.0,50490,6775.0
"CRUDE OIL, LIGHT SWEET-WTI - ICE FUTURES EUROPE",2025-10-07,121123,80334,1132.0,10833.0,839161,11457.0,40789,-9701.0
"CRUDE OIL, LIGHT SWEET-WTI - ICE FUTURES EUROPE",2025-10-14,119311,77893,-1812.0,-2441.0,831782,-7379.0,41418,629.0
"CRUDE OIL, LIGHT SWEET-WTI - ICE FUTURES EUROPE",2025-10-21,121537,77712,2226.0,-181.0,808887,-22895.0,43825,2407.0
"CRUDE OIL, LIGHT SWEET-WTI - ICE FUTURES EUROPE",2025-10-28,115809,74607,-5728.0,-3105.0,788199,-20688.0,41202,-2623.0
"CRUDE OIL, LIGHT SWEET-WTI - ICE FUTURES EUROPE",2025-11-04,138046,75696,22237.0,1089.0,793140,4941.0,62350,21148.0
"CRUDE OIL, LIGHT SWEET-WTI - ICE FUTURES EUROPE",2025-11-10,125340,74886,-12706.0,-810.0,801648,8508.0,50454,-11896.0
"CRUDE OIL, LIGHT SWEET-WTI - ICE FUTURES EUROPE",2025-11-18,120683,77700,-4657.0,2814.0,793994,-7654.0,42983,-7471.0
"CRUDE OIL, LIGHT SWEET-WTI - ICE FUTURES EUROPE",2025-11-25,107447,80769,-13236.0,3069.0,772795,-21199.0,26678,-16305.0
"CRUDE OIL, LIGHT SWEET-WTI - ICE FUTURES EUROPE",2025-12-02,109644,72858,2197.0,-7911.0,766596,-6199.0,36786,10108.0
"CRUDE OIL, LIGHT SWEET-WTI - ICE FUTURES EUROPE",2025-12-09,141636,67101,31992.0,-5757.0,781559,14963.0,74535,37749.0
"CRUDE OIL, LIGHT SWEET-WTI - ICE FUTURES EUROPE",2025-12-16,136298,72507,-5338.0,5406.0,802736,21177.0,63791,-10744.0
"CRUDE OIL, LIGHT SWEET-WTI - ICE FUTURES EUROPE",2025-12-23,122362,69985,-13936.0,-2522.0,773263,-29473.0,52377,-11414.0
"CRUDE OIL, LIGHT SWEET-WTI - ICE FUTURES EUROPE",2025-12-30,130251,67713,7889.0,-2272.0,782141,8878.0,62538,10161.0
"CRUDE OIL, LIGHT SWEET-WTI - ICE FUTURES EUROPE",2026-01-06,141251,71878,11000.0,4165.0,794768,12627.0,69373,6835.0
"CRUDE OIL, LIGHT SWEET-WTI - ICE FUTURES EUROPE",2026-01-13,146531,75225,5280.0,3347.0,825340,30572.0,71306,1933.0
"CRUDE OIL, LIGHT SWEET-WTI - ICE FUTURES EUROPE",2026-01-20,142097,76986,-4434.0,1761.0,787465,-37875.0,65111,-6195.0
"CRUDE OIL, LIGHT SWEET-WTI - ICE FUTURES EUROPE",2026-01-27,145710,76266,3613.0,-720.0,807684,20219.0,69444,4333.0
"CRUDE OIL, LIGHT SWEET-WTI - ICE FUTURES EUROPE",2026-02-03,151103,73241,5393.0,-3025.0,823911,16227.0,77862,8418.0
"CRUDE OIL, LIGHT SWEET-WTI - ICE FUTURES EUROPE",2026-02-10,157858,67090,6755.0,-6151.0,852624,28713.0,90768,12906.0
"CRUDE OIL, LIGHT SWEET-WTI - ICE FUTURES EUROPE",2026-02-17,147726,78396,-10132.0,11306.0,870334,17710.0,69330,-21438.0
"CRUDE OIL, LIGHT SWEET-WTI - ICE FUTURES EUROPE",2026-02-24,115560,93785,-32166.0,15389.0,827970,-42364.0,21775,-47555.0
"CRUDE OIL, LIGHT SWEET-WTI - ICE FUTURES EUROPE",2026-03-03,120020,100050,4460.0,6265.0,859757,31787.0,19970,-1805.0
"CRUDE OIL, LIGHT SWEET-WTI - ICE FUTURES EUROPE",2026-03-10,94631,120727,-25389.0,20677.0,846189,-13568.0,-26096,-46066.0
"CRUDE OIL, LIGHT SWEET-WTI - ICE FUTURES EUROPE",2026-03-17,83121,115952,-11510.0,-4775.0,849074,2885.0,-32831,-6735.0
"CRUDE OIL, LIGHT SWEET-WTI - ICE FUTURES EUROPE",2026-03-24,78823,115105,-4298.0,-847.0,846034,-3040.0,-36282,-3451.0
"CRUDE OIL, LIGHT SWEET-WTI - ICE FUTURES EUROPE",2026-03-31,80761,125763,1938.0,10658.0,855613,9579.0,-45002,-8720.0
"CRUDE OIL, LIGHT SWEET-WTI - ICE FUTURES EUROPE",2026-04-07,89724,123621,8963.0,-2142.0,858838,3225.0,-33897,11105.0
"CRUDE OIL, LIGHT SWEET-WTI - ICE FUTURES EUROPE",2026-04-14,95124,124139,5400.0,518.0,872032,13194.0,-29015,4882.0
"CRUDE OIL, LIGHT SWEET-WTI - ICE FUTURES EUROPE",2026-04-21,92743,133718,-2381.0,9579.0,842828,-29204.0,-40975,-11960.0
"CRUDE OIL, LIGHT SWEET-WTI - ICE FUTURES EUROPE",2026-04-28,94786,134518,2043.0,800.0,855542,12714.0,-39732,1243.0
"CRUDE OIL, LIGHT SWEET-WTI - ICE FUTURES EUROPE",2026-05-05,101007,135068,6221.0,550.0,866504,10962.0,-34061,5671.0
"CRUDE OIL, LIGHT SWEET-WTI - ICE FUTURES EUROPE",2026-05-12,89543,131042,-11464.0,-4026.0,875230,8726.0,-41499,-7438.0
"CRUDE OIL, LIGHT SWEET-WTI - ICE FUTURES EUROPE",2026-05-19,87907,116163,-1636.0,-14879.0,836880,-38350.0,-28256,13243.0
"CRUDE OIL, LIGHT SWEET-WTI - ICE FUTURES EUROPE",2026-05-26,86147,113379,-1760.0,-2784.0,830992,-5888.0,-27232,1024.0
"CRUDE OIL, LIGHT SWEET-WTI - ICE FUTURES EUROPE",2026-06-02,92459,100310,6312.0,-13069.0,816733,-14259.0,-7851,19381.0
"CRUDE OIL, LIGHT SWEET-WTI - ICE FUTURES EUROPE",2026-06-09,99952,96573,7493.0,-3737.0,818492,1759.0,3379,11230.0
"CRUDE OIL, LIGHT SWEET-WTI - ICE FUTURES EUROPE",2026-06-16,101615,79684,1663.0,-16889.0,822990,4498.0,21931,18552.0
"CRUDE OIL, LIGHT SWEET-WTI - ICE FUTURES EUROPE",2026-06-23,90256,72832,-11359.0,-6852.0,803067,-19923.0,17424,-4507.0
"CRUDE OIL, LIGHT SWEET-WTI - ICE FUTURES EUROPE",2026-06-30,82488,75683,-7768.0,2851.0,806905,3838.0,6805,-10619.0
"CRUDE OIL, LIGHT SWEET-WTI - ICE FUTURES EUROPE",2026-07-07,80726,71523,-1762.0,-4160.0,801410,-5495.0,9203,2398.0
"CRUDE OIL, LIGHT SWEET-WTI - ICE FUTURES EUROPE",2026-07-14,92171,75317,11445.0,3794.0,791680,-9730.0,16854,7651.0
"CRUDE OIL, LIGHT SWEET-WTI - ICE FUTURES EUROPE",2026-07-21,90901,78387,-1270.0,3070.0,770415,-21265.0,12514,-4340.0
"CRUDE OIL, LIGHT SWEET-WTI - ICE FUTURES EUROPE",2026-07-28,87185,83212,-3716.0,4825.0,781193,10778.0,3973,-8541.0
"CRUDE OIL, LIGHT SWEET-WTI - ICE FUTURES EUROPE",2026-08-04,80866,78382,-6319.0,-4830.0,782189,996.0,2484,-1489.0
"CRUDE OIL, LIGHT SWEET-WTI - ICE FUTURES EUROPE",2026-08-11,76122,82455,-4744.0,4073.0,797158,14969.0,-6333,-8817.0
"CRUDE OIL, LIGHT SWEET-WTI - ICE FUTURES EUROPE",2026-08-18,72230,89681,-3892.0,7226.0,815351,18193.0,-17451,-11118.0
"CRUDE OIL, LIGHT SWEET-WTI - ICE FUTURES EUROPE",2026-08-25,70137,85279,-2093.0,-4402.0,778174,-37177.0,-15142,2309.0
"CRUDE OIL, LIGHT SWEET-WTI - ICE FUTURES EUROPE",2026-09-01,67938,92589,-2199.0,7310.0,767357,-10817.0,-24651,-9509.0
"CRUDE OIL, LIGHT SWEET-WTI - ICE FUTURES EUROPE",2026-09-08,62523,87307,-5415.0,-5282.0,753433,-13924.0,-24784,-133.0
"CRUDE OIL, LIGHT SWEET-WTI - ICE FUTURES EUROPE",2026-09-15,69195,87040,6672.0,-267.0,753881,448.0,-17845,6939.0
"CRUDE OIL, LIGHT SWEET-WTI - ICE FUTURES EUROPE",2026-09-22,72520,79068,3325.0,-7972.0,734302,-19579.0,-6548,11297.0
